Time,Label (common/hard fault),Label (common/soft fault),Label (common/controller fault),Label (common/hard and soft),Label (common/all),Label (advanced/hard fault),Label (advanced/soft fault),Label (advanced/controller fault),T101,T102,T104,T106,T108,T110,T112,T114,T115,T116,PDIC101,PDIC102,PIC101,TV101,TH101_SetPoint,TH101_Temperature,TH102_SetPoint,TH102_Temperature,TH103_SetPoint,TH103_Temperature,A104,M104,A101,M101,A103,A106,A107,M107,M103,M106,AV101,AV104,AV105,AV106,AV107,AV108,AV109,FI101_Pulses,TH101_Start,TH101_Status,TH102_Start,TH102_Status,TH103_Start,TH103_Status,T_ERROR_0_C1,T201,T202,T204,T206,T208,T210,T212,T215,PDIC201,PDIC202,PIC201,TV201,TH201_SetPoint,TH201_Temperature,TH202_SetPoint,TH202_Temperature,TH203_SetPoint,TH203_Temperature,A103,M103,AV201,AV203,AV205,AV207,AV208,FI201_Pulses,TH201_Start,TH201_Status,TH202_Start,TH202_Status,TH203_Start,TH203_Status,T_ERROR_0_C2
17:20:30,0,0,0,0,0,0,0,0,100.2,100.285,99.885,99.26,96.66,100.01,100.41,98.255,24.75,95.245,0.946,0.205833,960.343994,0,125,124.950001,0,22.6,105,98.8500025,4,0,68.4749985,3.985276,4.52,13.675,10.915,0.08,2.879997,0.02606,TRUE,FALSE,FALSE,TRUE,TRUE,TRUE,TRUE,TRUE,TRUE,FALSE,TRUE,FALSE,TRUE,FALSE,FALSE,118.39,118.53,116.62,119.06,116.25,107.59,93.6,25.41,0.191667,0.363,959.894287,0,145,145,0,25,0,20,0.08,0, FALSE , TRUE , FALSE , TRUE , TRUE ,TRUE , TRUE , FALSE , TRUE , FALSE , TRUE , FALSE , FALSE 
17:21:00,0,0,0,0,0,0,0,0,100.15,100.27,99.85,99.26,96.64,99.96,100.48,98.18,24.75,95.14,0.970667,0.166667,960.301453,0,125,124.900002,0,22.6,105,98.800003,4,0,68.449997,4.029133,4.54,13.675,10.915,0.08,2.880006,0.024004,TRUE,FALSE,FALSE,TRUE,TRUE,TRUE,TRUE,TRUE,TRUE,FALSE,TRUE,FALSE,TRUE,FALSE,FALSE,118.39,118.54,116.63,119.04,116.25,105.54,93.2,25.44,0.231,0.358333,959.934448,0,145,145,0,24.9,0,20,0.08,0, FALSE , TRUE , FALSE , TRUE , TRUE ,TRUE , TRUE , FALSE , TRUE , FALSE , TRUE , FALSE , FALSE 
17:21:30,0,0,0,0,0,0,0,0,100.195,100.25,99.855,99.26,96.835,100.07,100.525,98.29,24.74,95.165,0.9843335,0.224,960.683472,0,125,124.900002,0,22.6,105,98.800003,4,0,68.3999975,4.029129,4.57,13.675,10.915,0.08,2.9724585,0.021948,TRUE,FALSE,FALSE,TRUE,TRUE,TRUE,TRUE,TRUE,TRUE,FALSE,TRUE,FALSE,TRUE,FALSE,FALSE,118.44,118.59,116.61,119.03,116.23,101.21,93.04,25.43,0.279667,0.350333,959.894287,0,145,145,0,24.700001,0,20,0.08,0, FALSE , TRUE , FALSE , TRUE , TRUE ,TRUE , TRUE , FALSE , TRUE , FALSE , TRUE , FALSE , FALSE 
17:22:00,0,0,0,0,0,0,0,0,100.21,100.27,99.86,99.24,96.42,99.98,100.49,98.26,24.72,95.2,1.168667,0.084333,961.829529,0,125,124.900002,0,22.6,105,98.800003,4,0,68.349998,4.029125,4.59,13.675,10.915,0.08,3.064904,0.019892,TRUE,FALSE,FALSE,TRUE,TRUE,TRUE,TRUE,TRUE,TRUE,FALSE,TRUE,FALSE,TRUE,FALSE,FALSE,118.43,118.64,116.61,119.03,116.23,95.49,92.96,25.47,0.313667,0.353667,959.934448,0,145,144.899994,0,24.6,0,20,0.08,0, FALSE , TRUE , FALSE , TRUE , TRUE ,TRUE , TRUE , FALSE , TRUE , FALSE , TRUE , FALSE , FALSE 
17:22:30,0,0,0,0,0,0,0,0,100.175,100.29,99.865,99.235,96.77,99.955,100.35,98.23,24.735,95.15,0.956,0.2038335,960.3862915,0,125,124.900002,0,22.6,105,98.800003,4,0,68.3250005,3.985271,4.62,13.675,10.915,0.08,3.024499,0.0120025,TRUE,FALSE,FALSE,TRUE,TRUE,TRUE,TRUE,TRUE,TRUE,FALSE,TRUE,FALSE,TRUE,FALSE,FALSE,118.41,118.63,116.62,119.03,116.17,91.43,92.93,25.47,0.347,0.348333,959.854248,0,145,145,0,24.5,0,20,0.08,0, FALSE , TRUE , FALSE , TRUE , TRUE ,TRUE , TRUE , FALSE , TRUE , FALSE , TRUE , FALSE , FALSE 
17:23:00,0,0,0,0,0,0,0,0,100.19,100.28,99.88,99.23,96.49,99.83,100.33,98.23,24.75,95.1,1.014,0.178,960.301453,0,125,124.900002,0,22.6,105,98.800003,4,0,68.300003,3.941417,4.64,13,10.915,0.08,3.174489,0.004112,TRUE,FALSE,FALSE,TRUE,TRUE,TRUE,TRUE,TRUE,TRUE,FALSE,TRUE,FALSE,TRUE,FALSE,FALSE,118.38,118.64,116.6,118.98,115.81,89.2,92.92,25.5,0.309333,0.345667,959.934448,0,145,145,0,24.4,0,20,0.08,0, FALSE , TRUE , FALSE , TRUE , TRUE ,TRUE , TRUE , FALSE , TRUE , FALSE , TRUE , FALSE , FALSE 
17:23:30,0,0,0,0,0,0,0,0,100.195,100.26,99.85,99.2,97.05,100.045,100.235,98.265,24.74,95.105,1.123,0.15,960.9806515,0,125,124.950001,0,22.6,105,98.800003,4,0,68.25,3.985274,4.67,13.675,10.915,0.08,-150.258796,0,TRUE,FALSE,FALSE,TRUE,TRUE,TRUE,TRUE,TRUE,TRUE,FALSE,TRUE,FALSE,TRUE,FALSE,FALSE,118.38,118.62,116.57,118.99,116,89.3,92.85,25.51,0.391667,0.331667,959.894287,0,145,145,0,24.299999,0,20,0.08,0, FALSE , TRUE , FALSE , TRUE , TRUE ,TRUE , TRUE , FALSE , TRUE , FALSE , TRUE , FALSE , FALSE 
17:24:00,0,0,0,0,0,0,0,0,100.14,100.26,99.85,99.19,96.76,100.06,100.43,98.25,24.74,95.12,1.099333,0.133667,959.282654,0,125,125,0,22.6,105,98.699997,4,0,68.199997,4.029131,4.69,13.675,10.915,0.08,-82.415414,0,TRUE,FALSE,FALSE,TRUE,TRUE,TRUE,TRUE,TRUE,TRUE,FALSE,TRUE,FALSE,TRUE,FALSE,FALSE,118.32,118.61,116.61,119.06,116.23,95.95,92.76,25.53,0.414333,0.333667,959.894287,0,145,145,0,24.299999,0,20,0.08,0, FALSE , TRUE , FALSE , TRUE , TRUE ,TRUE , TRUE , FALSE , TRUE , FALSE , TRUE , FALSE , FALSE 
17:24:30,0,0,0,0,0,0,0,0,100.195,100.27,99.86,99.21,96.505,100.05,100.085,98.27,24.72,95.125,1.0125,0.2366665,959.664795,0,125,124.950001,0,22.6,105,98.699997,4,0,68.1749995,4.0291285,4.7205,13.675,10.9125,0.08,-38.825897,0,TRUE,FALSE,FALSE,TRUE,TRUE,TRUE,TRUE,TRUE,TRUE,FALSE,TRUE,FALSE,TRUE,FALSE,FALSE,118.4,118.65,116.59,119.03,116.21,103.1,92.78,25.55,0.416667,0.338333,959.934448,0,145,145,0,24.299999,0,20,0.08,0, FALSE , TRUE , FALSE , TRUE , TRUE ,TRUE , TRUE , FALSE , TRUE , FALSE , TRUE , FALSE , FALSE 
17:25:00,0,0,0,0,0,0,0,0,100.2,100.27,99.86,99.22,96.59,100.02,100.42,98.24,24.74,95.06,1.267667,0.109,960.980652,0,125,125,0,22.6,105,98.699997,4,0,68.150002,4.029126,4.74,13.675,10.915,0.08,143.207111,0,TRUE,FALSE,FALSE,TRUE,TRUE,TRUE,TRUE,TRUE,TRUE,FALSE,TRUE,FALSE,TRUE,FALSE,FALSE,118.42,118.63,116.6,119.03,116.23,106.66,92.79,25.56,0.423333,0.349,959.894287,0,145,145,0,24.200001,0,20,0.08,0, FALSE , TRUE , FALSE , TRUE , TRUE ,TRUE , TRUE , FALSE , TRUE , FALSE , TRUE , FALSE , FALSE 
17:25:30,0,0,0,0,0,0,0,0,100.16,100.26,99.85,99.21,96.38,100.015,100.225,98.185,24.755,95.145,1.14,0.126,960.980652,0,125,124.950001,0,22.6,105,98.699997,4,0,68.125,4.042831,4.77,13.675,10.915,0.08,133.118821,0,TRUE,FALSE,FALSE,TRUE,TRUE,TRUE,TRUE,TRUE,TRUE,FALSE,TRUE,FALSE,TRUE,FALSE,FALSE,118.39,118.65,116.6,119.03,116.24,107.96,92.79,25.57,0.421,0.35,959.894287,0,145,144.899994,0,24.200001,0,20,0.08,0, FALSE , TRUE , FALSE , TRUE , TRUE ,TRUE , TRUE , FALSE , TRUE , FALSE , TRUE , FALSE , FALSE 
17:26:00,0,0,0,0,0,0,0,0,100.2,100.28,99.87,99.25,96.2,99.98,100.25,98.2,24.74,95.11,1.176666,0.099667,960.471375,0,125,125,0,22.6,105,98.699997,4,0,68.099998,4.056536,4.79,13.675,10.915,0.08,2.880007,0,TRUE,FALSE,FALSE,TRUE,TRUE,TRUE,TRUE,TRUE,TRUE,FALSE,TRUE,FALSE,TRUE,FALSE,FALSE,118.39,118.66,116.59,118.95,116.24,108.2,96.04,25.6,0.449333,0.346,959.894287,0,145,145,0,24.1,0,19.9,0.08,0, FALSE , TRUE , FALSE , TRUE , TRUE ,TRUE , TRUE , FALSE , TRUE , FALSE , TRUE , FALSE , FALSE 
17:26:30,0,0,0,0,0,0,0,0,100.22,100.315,99.9,99.305,96.94,99.985,100.08,98.175,24.75,95.02,1.0185,0.103,960.513672,0,125,125,0,22.6,105,98.699997,4,0,68.049999,4.0893885,4.82,13.675,10.915,0.08,2.8800165,0,TRUE,FALSE,FALSE,TRUE,TRUE,TRUE,TRUE,TRUE,TRUE,FALSE,TRUE,FALSE,TRUE,FALSE,FALSE,118.39,118.66,116.6,119.04,116.25,108.26,111.06,25.62,0.443,0.361,959.894287,0,145,145,0,24.1,0,20,0.08,0, FALSE , TRUE , FALSE , TRUE , TRUE ,TRUE , TRUE , FALSE , TRUE , FALSE , TRUE , FALSE , FALSE 
17:27:00,0,0,0,0,0,0,0,0,100.29,100.34,99.94,99.34,96.56,100.04,100.32,98.31,24.68,95.04,0.975333,0.228333,960.301453,0,125,125,0,22.6,105,98.699997,4,0,68,4.122241,4.84,13.675,10.915,0.08,2.880015,0,TRUE,FALSE,FALSE,TRUE,TRUE,TRUE,TRUE,TRUE,TRUE,FALSE,TRUE,FALSE,TRUE,FALSE,FALSE,118.38,118.67,116.6,119.05,116.25,108.32,114.92,25.62,0.446667,0.371,959.934448,0,145,145,0,24.1,0,20,0.08,0, FALSE , TRUE , FALSE , TRUE , TRUE ,TRUE , TRUE , FALSE , TRUE , FALSE , TRUE , FALSE , FALSE 
17:27:30,0,0,0,0,0,0,0,0,100.205,100.28,99.87,99.235,96.46,99.98,100.205,98.265,24.745,95.095,1.043,0.130167,959.961853,0,125,125,0,22.55,105,98.699997,4,0,67.9749985,4.1117785,4.87,13.675,10.915,0.08,3.137886,0,TRUE,FALSE,FALSE,TRUE,TRUE,TRUE,TRUE,TRUE,TRUE,FALSE,TRUE,FALSE,TRUE,FALSE,FALSE,118.42,118.7,116.59,119.03,116.25,108.33,115.56,25.65,0.456333,0.376,959.894287,0,145,144.899994,0,24,0,19.9,0.08,0, FALSE , TRUE , FALSE , TRUE , TRUE ,TRUE , TRUE , FALSE , TRUE , FALSE , TRUE , FALSE , FALSE 
17:28:00,0,0,0,0,0,0,0,0,100.24,100.29,99.87,99.3,96.53,100.02,99.5,98.19,24.74,95.08,0.994,0.217,959.961853,0,125,125,0,22.5,105,98.699997,4,0,67.949997,4.101316,4.89,13.675,10.915,0.08,3.24729,0,TRUE,FALSE,FALSE,TRUE,TRUE,TRUE,TRUE,TRUE,TRUE,FALSE,TRUE,FALSE,TRUE,FALSE,FALSE,118.4,118.66,116.63,119.06,116.27,108.28,115.7,25.64,0.438333,0.376333,959.854248,0,145,145,0,23.9,0,20,0.08,0, FALSE , TRUE , FALSE , TRUE , TRUE ,TRUE , TRUE , FALSE , TRUE , FALSE , TRUE , FALSE , FALSE 
17:28:30,0,0,0,0,0,0,0,0,100.145,100.235,99.82,99.26,96.38,99.95,100.505,98.205,24.75,95.08,1.087,0.1298335,960.7258915,0,125,124.950001,0,22.5,105,98.699997,4,0,67.9249995,4.106687,4.915,13.675,10.915,0.08,3.210861,0,TRUE,FALSE,FALSE,TRUE,TRUE,TRUE,TRUE,TRUE,TRUE,FALSE,TRUE,FALSE,TRUE,FALSE,FALSE,118.41,118.67,116.61,119.06,116.26,108.37,115.87,25.65,0.456333,0.375667,959.974609,0,145,145,0,23.799999,0,20,0.08,0, FALSE , TRUE , FALSE , TRUE , TRUE ,TRUE , TRUE , FALSE , TRUE , FALSE , TRUE , FALSE , FALSE 
17:29:00,0,0,0,0,0,0,0,0,100.18,100.3,99.9,99.31,96.66,99.95,99.94,98.2,24.74,95.02,1.207,0.121333,960.471375,0,125,124.900002,0,22.5,105,98.699997,4,0,67.900002,4.112058,4.94,13.675,10.925,0.08,3.048277,0,TRUE,FALSE,FALSE,TRUE,TRUE,TRUE,TRUE,TRUE,TRUE,FALSE,TRUE,FALSE,TRUE,FALSE,FALSE,118.4,118.69,116.61,119.06,116.26,108.39,115.96,25.69,0.456667,0.380667,959.854248,0,145,145,0,23.9,0,19.9,0.08,0, FALSE , TRUE , FALSE , TRUE , TRUE ,TRUE , TRUE , FALSE , TRUE , FALSE , TRUE , FALSE , FALSE 
17:29:30,0,0,0,0,0,0,0,0,100.19,100.27,99.855,99.275,97.255,99.995,100.355,98.22,24.73,94.995,1.1256665,0.111,960.6410525,0,125,125,0,22.5,105,98.6499975,4,0,34.350001,4.132286,4.965,7.3375,10.925,0.08,2.879997,0,TRUE,FALSE,FALSE,TRUE,TRUE,TRUE,TRUE,TRUE,TRUE,FALSE,TRUE,FALSE,TRUE,FALSE,FALSE,118.4,118.66,116.62,119.07,116.27,108.4,116.05,25.69,0.452333,0.382,959.894287,0,145,144.899994,0,24,0,20,0.08,0, FALSE , TRUE , FALSE , TRUE , TRUE ,TRUE , TRUE , FALSE , TRUE , FALSE , TRUE , FALSE , FALSE 
17:30:00,0,0,0,0,0,0,0,0,100.22,100.26,99.85,99.27,96.51,99.99,100.31,98.24,24.75,95.08,0.993,0.180667,959.367493,0,125,125,0,22.5,105,98.699997,4,0,0.8,4.152514,4.99,13.675,10.925,0.08,2.879997,0,TRUE,FALSE,FALSE,TRUE,TRUE,TRUE,TRUE,TRUE,TRUE,FALSE,TRUE,FALSE,TRUE,FALSE,FALSE,118.41,118.67,116.61,119.05,116.23,108.4,116.08,25.69,0.410667,0.370333,959.894287,0,145,145,0,24.1,0,20,0.08,0, FALSE , TRUE , FALSE , TRUE , TRUE ,TRUE , TRUE , FALSE , TRUE , FALSE , TRUE , FALSE , FALSE 
17:30:30,0,0,0,0,0,0,0,0,100.175,100.275,99.865,99.275,96.295,99.945,100.17,98.17,24.755,95.065,1.177,0.1201665,960.6410525,0,125,124.950001,0,22.5,105,98.699997,4,0,34.275,4.1322915,5.005,13.675,10.925,0.08,2.879997,0,TRUE,FALSE,FALSE,TRUE,TRUE,TRUE,TRUE,TRUE,TRUE,FALSE,TRUE,FALSE,TRUE,FALSE,FALSE,118.37,118.66,116.59,119.05,116.26,108.4,116.11,25.68,0.386667,0.364333,959.894287,0,145,145,0,24.200001,0,20,0.08,0, FALSE , TRUE , FALSE , TRUE , TRUE ,TRUE , TRUE , FALSE , TRUE , FALSE , TRUE , FALSE , FALSE 
17:31:00,0,0,0,0,0,0,0,0,100.21,100.27,99.86,99.26,96.22,99.96,100.23,98.21,24.75,95.03,1.065333,0.176667,961.065491,0,125,125,0,22.5,105,98.699997,4,0,67.75,4.112069,5.04,13.675,10.925,0.08,2.880006,0,TRUE,FALSE,FALSE,TRUE,TRUE,TRUE,TRUE,TRUE,TRUE,FALSE,TRUE,FALSE,TRUE,FALSE,FALSE,118.39,118.65,116.61,119.04,116.26,108.41,116.14,25.72,0.388,0.374333,959.894287,0,145,144.899994,0,24.299999,0,20.1,0.08,0, FALSE , TRUE , FALSE , TRUE , TRUE ,TRUE , TRUE , FALSE , TRUE , FALSE , TRUE , FALSE , FALSE 
17:31:30,0,0,0,0,0,0,0,0,100.18,100.28,99.87,99.39,96.805,99.55,100.23,98.18,24.76,94.97,1.0718335,0.126,959.9194335,0,125,125,0,22.5,105,98.699997,4,0,67.7249985,4.08693,5.065,13.675,10.925,0.08,2.880014,0,TRUE,FALSE,FALSE,TRUE,TRUE,TRUE,TRUE,TRUE,TRUE,FALSE,TRUE,FALSE,TRUE,FALSE,FALSE,118.41,118.67,116.64,119.07,116.28,108.43,116.16,25.73,0.379,0.374333,959.894287,0,145,144.899994,0,24.5,0,20,0.08,0, FALSE , TRUE , FALSE , TRUE , TRUE ,TRUE , TRUE , FALSE , TRUE , FALSE , TRUE , FALSE , FALSE 
17:32:00,0,0,0,0,0,0,0,0,100.21,100.28,99.88,99.72,96.56,98.94,99.98,98.25,24.77,95.06,1.186666,0.155667,960.810974,0,125,125,0,22.5,105,98.699997,4,0,67.699997,4.061791,5.09,13.675,10.925,0.08,2.880015,0,TRUE,FALSE,FALSE,TRUE,TRUE,TRUE,TRUE,TRUE,TRUE,FALSE,TRUE,FALSE,TRUE,FALSE,FALSE,118.42,118.71,116.62,119.04,116.26,108.42,116.18,25.74,0.365667,0.368667,959.934448,0,145,145,0,24.6,0,20,0.08,0, FALSE , TRUE , FALSE , TRUE , TRUE ,TRUE , TRUE , FALSE , TRUE , FALSE , TRUE , FALSE , FALSE 
17:32:30,0,0,0,0,0,0,0,0,100.195,100.275,99.86,99.745,96.52,100.085,100.305,98.185,24.77,95.025,1.101333,0.1195,960.895813,0,125,124.950001,0,22.5,105,98.699997,4,0,67.6499975,4.076971,5.115,13.675,10.925,0.08,2.8800095,0,TRUE,FALSE,FALSE,TRUE,TRUE,TRUE,TRUE,TRUE,TRUE,FALSE,TRUE,FALSE,TRUE,FALSE,FALSE,118.41,118.7,116.63,119.05,116.26,108.38,116.19,25.75,0.293333,0.371667,959.894287,0,145,145,0,24.700001,0,20,0.08,0, FALSE , TRUE , FALSE , TRUE , TRUE ,TRUE , TRUE , FALSE , TRUE , FALSE , TRUE , FALSE , FALSE 
17:33:00,0,0,0,0,0,0,0,0,100.21,100.26,99.85,99.72,96.66,100.15,100.22,98.23,24.76,95.02,1.175333,0.098667,960.131775,0,125,125,0,22.5,105,98.699997,4,0,67.599998,4.092151,5.14,13.675,10.925,0.08,2.879997,0,TRUE,FALSE,FALSE,TRUE,TRUE,TRUE,TRUE,TRUE,TRUE,FALSE,TRUE,FALSE,TRUE,FALSE,FALSE,118.42,118.65,116.64,119.08,116.28,108.44,116.19,25.74,0.345667,0.368,959.894287,0,145,144.899994,0,24.799999,0,19.9,0.08,0, FALSE , TRUE , FALSE , TRUE , TRUE ,TRUE , TRUE , FALSE , TRUE , FALSE , TRUE , FALSE , FALSE 
17:33:30,0,0,0,0,0,0,0,0,100.195,100.275,99.85,99.72,96.47,100.12,100.18,98.21,24.76,95.035,1.0781665,0.1496665,960.641052,0,125,125,0,22.5,105,98.599998,4,0,67.5750005,4.0587305,5.165,13.675,10.925,0.08,2.879997,0,TRUE,FALSE,FALSE,TRUE,TRUE,TRUE,TRUE,TRUE,TRUE,FALSE,TRUE,FALSE,TRUE,FALSE,FALSE,118.37,118.68,116.62,119.05,116.25,108.42,116.21,25.76,0.299333,0.364667,959.894287,0,145,145,0,24.9,0,20,0.08,0, FALSE , TRUE , FALSE , TRUE , TRUE ,TRUE , TRUE , FALSE , TRUE , FALSE , TRUE , FALSE , FALSE 
17:34:00,0,0,0,0,0,0,0,0,100.16,100.28,99.87,99.7,96.27,100.11,100.38,98.27,24.77,95.05,1.008,0.191,960.810974,0,125,124.900002,0,22.5,105,98.599998,4,0,67.550003,4.02531,5.19,13.675,10.925,0.08,3.064886,0,TRUE,FALSE,FALSE,TRUE,TRUE,TRUE,TRUE,TRUE,TRUE,FALSE,TRUE,FALSE,TRUE,FALSE,FALSE,118.44,118.63,116.61,119.05,116.25,108.4,116.26,25.77,0.256,0.365333,959.934448,0,145,145,0,25,0,20,0.08,0, FALSE , TRUE , FALSE , TRUE , TRUE ,TRUE , TRUE , FALSE , TRUE , FALSE , TRUE , FALSE , FALSE 
17:34:30,0,0,0,0,0,0,0,0,100.19,100.265,99.85,99.63,96.35,100.04,100.28,98.205,24.775,95.01,1.062333,0.1315,960.683472,0,125,124.950001,0,22.5,105,98.549999,4,0,67.5250015,4.016817,5.215,13.675,10.925,0.08,3.02449,0,TRUE,FALSE,FALSE,TRUE,TRUE,TRUE,TRUE,TRUE,TRUE,FALSE,TRUE,FALSE,TRUE,FALSE,FALSE,118.41,118.65,116.63,119.05,116.26,108.42,116.27,25.79,0.286333,0.367333,959.894287,0,145,144.899994,0,25.1,0,19.9,0.08,0, FALSE , TRUE , FALSE , TRUE , TRUE ,TRUE , TRUE , FALSE , TRUE , FALSE , TRUE , FALSE , FALSE 
17:35:00,0,0,0,0,0,0,0,0,100.17,100.27,99.87,99.64,97.03,100.13,100.3,98.17,24.77,94.89,1.179667,0.127333,960.725891,0,125,124.900002,0,22.5,105,98.5,4,0,67.5,4.008324,5.24,13,10.925,8,3.174236,0,TRUE,FALSE,FALSE,TRUE,TRUE,TRUE,TRUE,TRUE,TRUE,FALSE,TRUE,FALSE,TRUE,FALSE,FALSE,118.42,118.64,116.62,119.08,116.26,108.43,116.22,25.76,0.288,0.371667,959.934448,0,145,145,0,25.200001,0,20,0.08,0, FALSE , TRUE , FALSE , TRUE , TRUE ,TRUE , TRUE , FALSE , TRUE , FALSE , TRUE , FALSE , FALSE 
17:35:30,0,0,0,0,0,0,0,0,100.19,100.28,99.86,99.635,96.725,100.15,100.235,98.295,24.76,94.995,1.1226665,0.152167,960.598633,0,125,124.950001,0,22.5,105,98.5,4,0,67.450001,4.0128025,5.26,13.3375,10.925,8,-0.7272035,0,TRUE,FALSE,FALSE,TRUE,TRUE,TRUE,TRUE,TRUE,TRUE,FALSE,TRUE,FALSE,TRUE,FALSE,FALSE,118.41,118.61,116.63,119.05,116.26,108.42,116.23,25.77,0.236,0.378333,959.934448,0,145,144.899994,0,25.200001,0,20,0.08,0, FALSE , TRUE , FALSE , TRUE , TRUE ,TRUE , TRUE , FALSE , TRUE , FALSE , TRUE , FALSE , FALSE 
17:36:00,0,0,0,0,0,0,0,0,100.16,100.26,99.85,99.61,96.5,100.14,100.15,98.23,24.76,95.04,1.15,0.134,960.895813,0,125,124.900002,0,22.5,105,98.5,4,0,67.400002,4.017281,5.29,13.675,10.925,8,-1.249033,0,TRUE,FALSE,FALSE,TRUE,TRUE,TRUE,TRUE,TRUE,TRUE,FALSE,TRUE,FALSE,TRUE,FALSE,FALSE,118.44,118.64,116.64,119.08,116.28,108.45,116.24,25.79,0.264667,0.376,959.894287,0,145,145,0,25.299999,0,19.9,0.08,0, FALSE , TRUE , FALSE , TRUE , TRUE ,TRUE , TRUE , FALSE , TRUE , FALSE , TRUE , FALSE , FALSE 
17:36:30,0,0,0,0,0,0,0,0,100.185,100.265,99.84,99.605,96.215,100.035,100.175,98.195,24.755,94.995,1.0466665,0.1646665,960.641052,0,125,124.950001,0,22.5,105,98.5,4,0,67.375,11.0086365,5.31,13.675,10.925,4.04,4.7265695,8.144931,TRUE,FALSE,FALSE,TRUE,TRUE,TRUE,TRUE,TRUE,TRUE,FALSE,TRUE,FALSE,TRUE,FALSE,FALSE,118.44,118.64,116.65,119.07,116.28,108.4,116.24,25.79,0.268667,0.376,959.934448,0,145,145,0,25.4,0,20.1,0.08,0, FALSE , TRUE , FALSE , TRUE , TRUE ,TRUE , TRUE , FALSE , TRUE , FALSE , TRUE , FALSE , FALSE 
17:37:00,0,0,0,0,0,0,0,0,100.18,100.27,99.86,99.61,96.12,100.09,100.24,98.22,24.75,94.99,1.087,0.201667,960.301453,0,125,125,0,22.5,105,98.5,4,0,67.349998,17.999992,5.34,13.675,10.925,0.08,6.449703,16.289862,TRUE,FALSE,FALSE,TRUE,TRUE,TRUE,TRUE,TRUE,TRUE,FALSE,TRUE,FALSE,TRUE,FALSE,FALSE,118.39,118.61,116.63,119.07,116.27,108.43,116.31,25.81,0.248667,0.370333,959.934448,0,145,145,0,25.4,0,19.9,0.08,0, FALSE , TRUE , FALSE , TRUE , TRUE ,TRUE , TRUE , FALSE , TRUE , FALSE , TRUE , FALSE , FALSE 
17:37:30,0,0,0,0,0,0,0,0,100.16,100.26,99.84,99.585,96.475,100.015,100.195,98.16,24.76,94.915,0.9785,0.244,959.1552735,0,125,124.900002,0,22.5,105,98.5,4,0,67.3250005,3.986007,5.36,13.675,10.925,0.08,2.6616465,47.5308885,TRUE,FALSE,FALSE,TRUE,TRUE,TRUE,TRUE,TRUE,TRUE,FALSE,TRUE,FALSE,TRUE,FALSE,FALSE,118.4,118.61,116.61,119.04,116.2,108.4,116.27,25.8,0.257,0.379667,959.894287,0,145,145,0,25.5,0,20,0.08,0, FALSE , TRUE , FALSE , TRUE , TRUE ,TRUE , TRUE , FALSE , TRUE , FALSE , TRUE , FALSE , FALSE 
17:38:00,0,0,0,0,0,0,0,0,100.16,100.27,99.84,99.57,96.46,100.05,100.23,98.21,24.75,94.87,1.110667,0.153667,959.877014,0,125,124.900002,0,22.5,105,98.5,4,0,67.300003,-10.027978,5.39,13.675,10.925,0.08,2.879997,82.670406,TRUE,FALSE,FALSE,TRUE,TRUE,TRUE,TRUE,TRUE,TRUE,FALSE,TRUE,FALSE,TRUE,FALSE,FALSE,118.37,118.58,116.61,119.06,116.26,108.43,116.24,25.78,0.235,0.379,959.894287,0,145,145,0,25.6,0,20.1,0.08,0, FALSE , TRUE , FALSE , TRUE , TRUE ,TRUE , TRUE , FALSE , TRUE , FALSE , TRUE , FALSE , FALSE 
17:38:30,0,0,0,0,0,0,0,0,100.175,100.245,99.84,99.545,96.705,100.085,100.36,98.23,24.745,94.935,1.1696665,0.1068335,960.5562135,0,125,124.900002,0,22.5,105,98.5,4,0,67.25,-2.9926085,5.41,13.675,10.925,0.08,2.879997,82.670406,TRUE,FALSE,FALSE,TRUE,TRUE,TRUE,TRUE,TRUE,TRUE,FALSE,TRUE,FALSE,TRUE,FALSE,FALSE,118.35,118.58,116.64,119.07,116.27,108.44,116.26,25.79,0.226,0.376333,959.894287,0,145,144.899994,0,25.6,0,19.9,0.08,0, FALSE , TRUE , FALSE , TRUE , TRUE ,TRUE , TRUE , FALSE , TRUE , FALSE , TRUE , FALSE , FALSE 
17:39:00,0,0,0,0,0,0,0,0,100.19,100.25,99.84,99.53,96.61,99.98,100.25,98.17,24.75,94.93,1.037,0.171667,960.895813,0,125,125,0,22.5,105,98.5,4,0,67.199997,4.042761,5.43,13.675,10.925,0.08,11.971772,58.327385,TRUE,FALSE,FALSE,TRUE,TRUE,TRUE,TRUE,TRUE,TRUE,FALSE,TRUE,FALSE,TRUE,FALSE,FALSE,118.35,118.56,116.64,119.08,116.28,108.44,116.28,25.76,0.167,0.367667,959.934448,0,145,145,0,25.700001,0,20,0.08,0, FALSE , TRUE , FALSE , TRUE , TRUE ,TRUE , TRUE , FALSE , TRUE , FALSE , TRUE , FALSE , FALSE 
17:39:30,0,0,0,0,0,0,0,0,100.205,100.265,99.86,99.54,96.805,100.015,100.16,98.175,24.745,94.905,1.153,0.1498335,960.7684325,0,125,124.950001,0,22.5,105,98.5,4,0,67.1749995,4.00175,5.46,13.675,10.925,0.08,2.879997,26.512127,TRUE,FALSE,FALSE,TRUE,TRUE,TRUE,TRUE,TRUE,TRUE,FALSE,TRUE,FALSE,TRUE,FALSE,FALSE,118.35,118.58,116.64,119.07,116.27,108.45,116.24,25.79,0.113333,0.381667,959.894287,0,140,143.600006,0,25.6,0,20,0.08,0, FALSE , TRUE , FALSE , TRUE , TRUE ,TRUE , TRUE , FALSE , TRUE , FALSE , TRUE , FALSE , FALSE 
17:40:00,0,0,0,0,0,0,0,0,100.2,100.28,99.88,99.55,96.34,100.01,100.23,98.22,24.75,94.98,1.205667,0.098333,961.659851,0,125,124.900002,0,22.5,105,98.5,4,0,67.150002,3.960739,5.48,13.675,11.115,0.08,2.879997,0,TRUE,FALSE,FALSE,TRUE,TRUE,TRUE,TRUE,TRUE,TRUE,FALSE,TRUE,FALSE,TRUE,FALSE,FALSE,118.33,118.56,116.62,119.05,116.24,108.42,116.28,25.81,0.221,0.339333,959.894287,0,140,141.300003,0,25.700001,0,19.9,0.08,0, FALSE , TRUE , FALSE , TRUE , TRUE ,TRUE , TRUE , FALSE , TRUE , FALSE , TRUE , FALSE , FALSE 
17:40:30,0,0,0,0,0,0,0,0,100.175,100.265,99.82,99.53,96.315,99.975,100.12,98.195,24.775,94.96,1.136167,0.156,960.895691,0,125,125,0,22.5,105,98.549999,4,0,67.125,4.0113275,2.76,13.675,8.0575,0.08,2.879997,0,TRUE,FALSE,FALSE,TRUE,TRUE,TRUE,TRUE,TRUE,TRUE,FALSE,TRUE,FALSE,TRUE,FALSE,FALSE,118.33,118.46,116.57,119,116.2,108.4,116.28,25.79,0.150333,0.324667,959.894287,0,140,140.399994,0,25.700001,0,20,0.08,0, FALSE , TRUE , FALSE , TRUE , TRUE ,TRUE , TRUE , FALSE , TRUE , FALSE , TRUE , FALSE , FALSE 
17:41:00,0,0,0,0,0,0,0,0,100.2,100.28,99.86,99.54,96.08,99.97,100.14,98.18,24.74,94.93,1.015,0.230333,959.367493,0,125,125,0,22.5,105,98.5,4,0,67.099998,4.061916,5.53,13.675,10.995,0.08,2.879997,-16.289862,TRUE,FALSE,FALSE,TRUE,TRUE,TRUE,TRUE,TRUE,TRUE,FALSE,TRUE,FALSE,TRUE,FALSE,FALSE,118.3,118.45,116.54,118.97,116.16,108.37,116.2,25.79,0.168667,0.307667,959.934448,0,140,140,0,25.700001,0,20,0.08,0, FALSE , TRUE , FALSE , TRUE , TRUE ,TRUE , TRUE , FALSE , TRUE , FALSE , TRUE , FALSE , FALSE 
17:41:30,0,0,0,0,0,0,0,0,100.17,100.315,99.91,99.565,96.91,100.065,100.305,98.255,24.755,94.875,1.113667,0.165167,960.428833,0,125,125,0,22.5,105,98.5,4,0,67.049999,4.0685645,5.56,13.675,11.015,0.08,2.879997,-47.5308885,TRUE,FALSE,FALSE,TRUE,TRUE,TRUE,TRUE,TRUE,TRUE,FALSE,TRUE,FALSE,TRUE,FALSE,FALSE,118.29,118.4,116.51,118.95,116.15,108.35,116.18,25.8,0.204,0.301667,959.974609,0,140,139.899994,0,25.6,0,19.9,0.08,0, FALSE , TRUE , FALSE , TRUE , TRUE ,TRUE , TRUE , FALSE , TRUE , FALSE , TRUE , FALSE , FALSE 
17:42:00,0,0,0,0,0,0,0,0,100.22,100.29,99.9,99.53,96.22,100.09,100.14,98.34,24.76,95,1.101,0.178667,961.320251,0,125,125,0,22.5,105,98.5,4,0,67,4.075213,5.58,13.675,11.005,0.08,2.879997,-58.327385,TRUE,FALSE,FALSE,TRUE,TRUE,TRUE,TRUE,TRUE,TRUE,FALSE,TRUE,FALSE,TRUE,FALSE,FALSE,118.3,118.48,116.49,118.91,116.11,108.32,116.15,25.78,0.147333,0.305,959.934448,0,140,139.899994,0,25.4,0,20,0.08,0, FALSE , TRUE , FALSE , TRUE , TRUE ,TRUE , TRUE , FALSE , TRUE , FALSE , TRUE , FALSE , FALSE 
17:42:30,0,0,0,0,0,0,0,0,100.21,100.275,99.865,99.505,96.44,99.98,100.38,98.145,24.74,94.97,1.0908335,0.1403335,960.131653,0,125,125,0,22.5,105,98.5,4,0,66.9749985,4.0279945,5.3,13.675,11.015,0.08,2.879997,-82.670406,TRUE,FALSE,FALSE,TRUE,TRUE,TRUE,TRUE,TRUE,TRUE,FALSE,TRUE,FALSE,TRUE,FALSE,FALSE,118.28,118.45,116.49,118.94,116.16,108.35,116.19,25.81,0.168,0.306,959.894287,0,140,140,0,25.299999,0,20,0.08,0, FALSE , TRUE , FALSE , TRUE , TRUE ,TRUE , TRUE , FALSE , TRUE , FALSE , TRUE , FALSE , FALSE 
17:43:00,0,0,0,0,0,0,0,0,100.17,100.27,99.86,99.5,96.44,99.97,99.93,98.21,24.78,94.96,0.926333,0.215333,959.792175,0,125,125,0,22.5,105,98.5,4,0,66.949997,3.980776,5.63,13.695,11.005,8,2.879997,-58.327385,TRUE,FALSE,FALSE,TRUE,TRUE,TRUE,TRUE,TRUE,TRUE,FALSE,TRUE,FALSE,TRUE,FALSE,FALSE,118.36,118.58,116.46,118.92,116.11,108.33,116.16,25.81,0.175,0.297667,959.934448,0,140,139.899994,0,25.200001,0,19.9,0.08,0, FALSE , TRUE , FALSE , TRUE , TRUE ,TRUE , TRUE , FALSE , TRUE , FALSE , TRUE , FALSE , FALSE 
17:43:30,0,0,0,0,0,0,0,0,100.2,100.275,99.855,99.51,96.685,100.025,100.09,98.24,24.745,94.965,1.151833,0.157167,960.174072,0,125,124.900002,0,22.5,105,98.599998,4,0,66.8999975,4.0049505,5.655,13.77,11.005,8,3.064894,-36.734392,TRUE,FALSE,FALSE,TRUE,TRUE,TRUE,TRUE,TRUE,TRUE,FALSE,TRUE,FALSE,TRUE,FALSE,FALSE,118.25,118.43,116.45,118.91,116.13,108.33,116.1,25.81,0.212333,0.298333,959.894287,0,140,140,0,25,0,20,0.08,0, FALSE , TRUE , FALSE , TRUE , TRUE ,TRUE , TRUE , FALSE , TRUE , FALSE , TRUE , FALSE , FALSE 
17:44:00,0,0,0,0,0,0,0,0,100.16,100.26,99.83,99.48,96.58,99.94,100.33,98.2,24.74,94.93,1.110667,0.190667,959.707092,0,125,125,0,22.6,105,98.599998,4,0,66.849998,4.029125,5.68,13.82,11.005,0.08,2.913552,-16.289862,TRUE,FALSE,FALSE,TRUE,TRUE,TRUE,TRUE,TRUE,TRUE,FALSE,TRUE,FALSE,TRUE,FALSE,FALSE,118.29,118.48,116.43,118.9,116.1,108.32,116.15,25.81,0.199,0.303333,959.934448,0,140,139.899994,0,24.9,0,20.1,0.08,0, FALSE , TRUE , FALSE , TRUE , TRUE ,TRUE , TRUE , FALSE , TRUE , FALSE , TRUE , FALSE , FALSE 
17:44:30,0,0,0,0,0,0,0,0,100.2,100.27,99.865,99.5,96.37,100.01,100.33,98.235,24.745,94.92,1.034333,0.1883335,960.428833,0,125,125,0,22.6,105,98.599998,4,0,66.8250005,4.029129,5.7,13.83,11.005,0.08,2.483091,8.144931,TRUE,FALSE,FALSE,TRUE,TRUE,TRUE,TRUE,TRUE,TRUE,FALSE,TRUE,FALSE,TRUE,FALSE,FALSE,118.34,118.42,116.43,118.91,116.12,108.33,116.14,25.8,0.135,0.296667,959.894287,0,140,140,0,24.799999,0,19.9,0.08,0, FALSE , TRUE , FALSE , TRUE , TRUE ,TRUE , TRUE , FALSE , TRUE , FALSE , TRUE , FALSE , FALSE 
17:45:00,0,0,0,0,0,0,0,0,100.2,100.28,99.85,99.49,96.27,99.95,100.19,98.16,24.72,94.93,1.140333,0.194667,959.282654,0,125,125,0,22.6,105,98.699997,4,0,66.800003,4.029133,5.73,13.87,1,0.08,2.897672,28.209341,TRUE,FALSE,FALSE,TRUE,TRUE,TRUE,TRUE,TRUE,TRUE,FALSE,TRUE,FALSE,TRUE,FALSE,FALSE,118.28,118.37,116.43,118.92,116.12,108.28,116.16,25.81,0.120333,0.299667,959.894287,0,140,140,0,24.700001,0,20,0.08,0, FALSE , TRUE , FALSE , TRUE , TRUE ,TRUE , TRUE , FALSE , TRUE , FALSE , TRUE , FALSE , FALSE 
17:45:30,0,0,0,0,0,0,0,0,100.19,100.26,99.845,99.485,96.175,99.945,100.3,98.19,24.735,94.97,1.0878335,0.197,960.174194,0,125,125,0,22.6,105,98.699997,4,0,66.7750015,4.0428445,5.75,13.885,6.0025,0.08,2.793982,28.209341,TRUE,FALSE,FALSE,TRUE,TRUE,TRUE,TRUE,TRUE,TRUE,FALSE,TRUE,FALSE,TRUE,FALSE,FALSE,118.3,118.41,116.55,119.05,116.23,108.42,116.13,25.81,0.194333,0.302333,959.894287,0,140,139.899994,0,24.5,0,20,0.08,0, FALSE , TRUE , FALSE , TRUE , TRUE ,TRUE , TRUE , FALSE , TRUE , FALSE , TRUE , FALSE , FALSE 
17:46:00,0,0,0,0,0,0,0,0,100.21,100.31,99.89,99.51,96.79,99.92,99.89,98.11,24.77,94.91,1.181333,0.104,961.999451,0,125,125,0,22.6,105,98.699997,4,0,66.75,4.056556,5.78,13.935,11.005,0.08,3.019226,28.209341,TRUE,FALSE,FALSE,TRUE,TRUE,TRUE,TRUE,TRUE,TRUE,FALSE,TRUE,FALSE,TRUE,FALSE,FALSE,118.34,118.44,116.43,118.92,116.12,108.33,116.16,25.82,0.157333,0.302333,959.894287,0,140,139.899994,0,24.4,0,19.9,0.08,0, FALSE , TRUE , FALSE , TRUE , TRUE ,TRUE , TRUE , FALSE , TRUE , FALSE , TRUE , FALSE , FALSE 
17:46:30,0,0,0,0,0,0,0,0,100.22,100.3,99.86,99.505,96.41,99.985,99.97,98.225,24.75,94.93,0.9835,0.2348335,960.0042725,0,125,125,0,22.6,105,98.75,4,0,66.700001,4.0894035,2.895,13.8525,11.005,0.08,3.047289,22.2496015,TRUE,FALSE,FALSE,TRUE,TRUE,TRUE,TRUE,TRUE,TRUE,FALSE,TRUE,FALSE,TRUE,FALSE,FALSE,118.32,118.44,116.41,118.9,116.09,108.3,116.14,25.79,0.190333,0.300667,959.934448,0,140,140,0,24.299999,0,20,0.08,0, FALSE , TRUE , FALSE , TRUE , TRUE ,TRUE , TRUE , FALSE , TRUE , FALSE , TRUE , FALSE , FALSE 
17:47:00,0,0,0,0,0,0,0,0,100.17,100.26,99.83,99.47,96.55,99.99,100.41,98.31,24.73,94.99,1.014333,0.208667,959.877014,0,125,125,0,22.6,105,98.800003,4,0,66.650002,4.122251,5.82,13.84,11.005,0.08,3.059048,16.289862,TRUE,FALSE,FALSE,TRUE,TRUE,TRUE,TRUE,TRUE,TRUE,FALSE,TRUE,FALSE,TRUE,FALSE,FALSE,118.29,118.38,116.45,118.93,116.13,108.34,116.18,25.8,0.127,0.302333,959.894287,0,140,140,0,24.200001,0,20.1,0.08,0, FALSE , TRUE , FALSE , TRUE , TRUE ,TRUE , TRUE , FALSE , TRUE , FALSE , TRUE , FALSE , FALSE 
17:47:30,0,0,0,0,0,0,0,0,100.22,100.285,99.85,99.505,96.425,99.91,100.135,98.205,24.73,94.98,1.1301665,0.1363335,960.513672,0,125,125,0,22.6,105,98.800003,4,0,66.625,4.1117855,5.85,13.84,10.97,0.08,3.1378855,0,TRUE,FALSE,FALSE,TRUE,TRUE,TRUE,TRUE,TRUE,TRUE,FALSE,TRUE,FALSE,TRUE,FALSE,FALSE,118.29,118.44,116.38,118.92,116.13,108.33,116.14,25.79,0.178333,0.294,959.894287,0,140,140,0,24.1,0,20,0.08,0, FALSE , TRUE , FALSE , TRUE , TRUE ,TRUE , TRUE , FALSE , TRUE , FALSE , TRUE , FALSE , FALSE 
17:48:00,0,0,0,0,0,0,0,0,100.23,100.29,99.87,99.5,96.65,100,99.96,98.31,24.73,94.99,1.170333,0.124333,960.301453,0,125,125,0,22.6,105,98.800003,4,0,66.599998,4.10132,5.87,13.84,10.97,0.08,2.879997,0,TRUE,FALSE,FALSE,TRUE,TRUE,TRUE,TRUE,TRUE,TRUE,FALSE,TRUE,FALSE,TRUE,FALSE,FALSE,118.31,118.42,116.42,118.85,116.11,108.33,116.14,25.8,0.165333,0.296667,959.894287,0,140,139.899994,0,24,0,20.1,0.08,0, FALSE , TRUE , FALSE , TRUE , TRUE ,TRUE , TRUE , FALSE , TRUE , FALSE , TRUE , FALSE , FALSE 
17:48:30,0,0,0,0,0,0,0,0,100.17,100.265,99.845,99.49,96.185,98.86,100.27,98.255,24.735,95.03,1.057,0.1325,960.513672,0,125,125,0,22.6,105,98.900002,4,0,66.5750005,4.106687,5.895,13.84,10.98,0.08,2.879997,0,TRUE,FALSE,FALSE,TRUE,TRUE,TRUE,TRUE,TRUE,TRUE,FALSE,TRUE,FALSE,TRUE,FALSE,FALSE,118.32,118.48,116.42,118.9,116.11,108.24,116.16,25.8,0.204333,0.3,959.934448,0,140,139.899994,0,23.9,0,20,0.08,0, FALSE , TRUE , FALSE , TRUE , TRUE ,TRUE , TRUE , FALSE , TRUE , FALSE , TRUE , FALSE , FALSE 
17:49:00,0,0,0,0,0,0,0,0,100.16,100.24,99.83,99.48,96.36,98.86,100.33,98.27,24.74,95.04,1.132667,0.119333,961.829529,0,125,124.900002,0,22.6,105,98.900002,4,0,66.550003,4.112054,5.92,13.84,11,0.08,2.879997,-16.289862,TRUE,FALSE,FALSE,TRUE,TRUE,TRUE,TRUE,TRUE,TRUE,FALSE,TRUE,FALSE,TRUE,FALSE,FALSE,118.31,118.47,116.43,118.92,116.12,108.32,116.19,25.84,0.212,0.291667,959.894287,0,140,140,0,23.799999,0,19.9,0.08,0, FALSE , TRUE , FALSE , TRUE , TRUE ,TRUE , TRUE , FALSE , TRUE , FALSE , TRUE , FALSE , FALSE 
17:49:30,0,0,0,0,0,0,0,0,100.2,100.27,99.855,99.5,96.215,100,100.445,98.23,24.735,95.065,1.0111665,0.1683335,959.9194335,0,125,124.950001,0,22.6,105,98.900002,4,0,66.5,4.13228,5.945,13.84,10.98,0.08,2.879997,-28.209341,TRUE,FALSE,FALSE,TRUE,TRUE,TRUE,TRUE,TRUE,TRUE,FALSE,TRUE,FALSE,TRUE,FALSE,FALSE,118.3,118.44,116.43,118.92,116.12,108.33,116.17,25.82,0.197,0.301667,959.894287,0,140,140,0,23.700001,0,20.1,0.08,0, FALSE , TRUE , FALSE , TRUE , TRUE ,TRUE , TRUE , FALSE , TRUE , FALSE , TRUE , FALSE , FALSE 
17:50:00,0,0,0,0,0,0,0,0,100.16,100.26,99.85,99.46,96.39,100.09,100.42,98.14,24.72,94.96,1.216667,0.131,960.980652,0,125,124.900002,0,22.6,105,98.900002,4,0,66.449997,4.152506,5.97,13.84,10.98,0.08,2.879997,-28.209341,TRUE,FALSE,FALSE,TRUE,TRUE,TRUE,TRUE,TRUE,TRUE,FALSE,TRUE,FALSE,TRUE,FALSE,FALSE,118.3,118.42,116.43,118.92,116.11,108.33,116.15,25.79,0.238333,0.297,959.934448,0,140,140,0,23.700001,0,20,0.08,0, FALSE , TRUE , FALSE , TRUE , TRUE ,TRUE , TRUE , FALSE , TRUE , FALSE , TRUE , FALSE , FALSE 
17:50:30,0,0,0,0,0,0,0,0,100.16,100.26,99.85,99.475,96.605,100.11,100.435,98.195,24.74,95.065,1.1898335,0.145833,960.343872,0,125,124.900002,0,22.6,105,99,4,0,66.4249995,4.1322795,5.995,13.84,10.98,0.08,2.879997,-28.209341,TRUE,FALSE,FALSE,TRUE,TRUE,TRUE,TRUE,TRUE,TRUE,FALSE,TRUE,FALSE,TRUE,FALSE,FALSE,118.29,118.35,116.42,118.91,116.05,108.32,116.15,25.81,0.200667,0.295667,959.934448,0,140,139.899994,0,23.6,0,19.9,0.08,0, FALSE , TRUE , FALSE , TRUE , TRUE ,TRUE , TRUE , FALSE , TRUE , FALSE , TRUE , FALSE , FALSE 
17:51:00,0,0,0,0,0,0,0,0,100.18,100.25,99.88,99.51,96.45,100.1,99.98,98.24,24.75,95.18,1.046333,0.232667,959.707092,0,125,125,0,22.6,105,99,4,0,66.400002,4.112053,6.02,13.84,10.98,0.08,2.879997,-16.289862,TRUE,FALSE,FALSE,TRUE,TRUE,TRUE,TRUE,TRUE,TRUE,FALSE,TRUE,FALSE,TRUE,FALSE,FALSE,118.32,118.43,116.41,118.92,116.13,108.33,116.16,25.82,0.172333,0.290667,959.894287,0,140,139.899994,0,23.5,0,20.1,0.08,0, FALSE , TRUE , FALSE , TRUE , TRUE ,TRUE , TRUE , FALSE , TRUE , FALSE , TRUE , FALSE , FALSE 
17:51:30,0,0,0,0,0,0,0,0,100.18,100.28,99.88,99.51,96.46,100.085,100.25,98.225,24.73,95.145,1.1546665,0.1601665,960.259033,0,125,125,0,22.6,105,99,4,0,66.375,4.106684,6.04,13.84,10.98,0.08,2.8800095,0,TRUE,FALSE,FALSE,TRUE,TRUE,TRUE,TRUE,TRUE,TRUE,FALSE,TRUE,FALSE,TRUE,FALSE,FALSE,118.32,118.34,116.42,118.9,116.12,108.33,116.14,25.82,0.167333,0.304,959.934448,0,140,139.899994,0,23.4,0,20,0.08,0, FALSE , TRUE , FALSE , TRUE , TRUE ,TRUE , TRUE , FALSE , TRUE , FALSE , TRUE , FALSE , FALSE 
17:52:00,0,0,0,0,0,0,0,0,100.11,100.2,99.79,99.42,96.77,100.04,100.39,98.21,24.78,95.19,1.231,0.100667,960.386292,0,125,124.900002,0,22.6,105,99.099998,4,0,66.349998,4.101315,6.07,13.84,10.98,0.08,2.880013,0,TRUE,FALSE,FALSE,TRUE,TRUE,TRUE,TRUE,TRUE,TRUE,FALSE,TRUE,FALSE,TRUE,FALSE,FALSE,118.39,118.46,116.42,118.91,116.11,108.3,116.13,25.78,0.165,0.301,959.934448,0,140,140,0,23.299999,0,20,0.08,0, FALSE , TRUE , FALSE , TRUE , TRUE ,TRUE , TRUE , FALSE , TRUE , FALSE , TRUE , FALSE , FALSE 
17:52:30,0,0,0,0,0,0,0,0,100.17,100.27,99.865,99.47,96.635,100.03,100.055,98.225,24.745,95.135,1.1711665,0.1498335,960.0043945,0,125,124.950001,0,22.6,105,99.049999,4,0,66.299999,4.111778,6.09,13.84,10.98,0.08,2.880014,0,TRUE,FALSE,FALSE,TRUE,TRUE,TRUE,TRUE,TRUE,TRUE,FALSE,TRUE,FALSE,TRUE,FALSE,FALSE,118.32,118.4,116.43,118.93,116.13,108.33,116.13,25.78,0.239333,0.294,960.014648,0,140,139.899994,0,23.200001,0,20.1,0.08,0, FALSE , TRUE , FALSE , TRUE , TRUE ,TRUE , TRUE , FALSE , TRUE , FALSE , TRUE , FALSE , FALSE 
17:53:00,0,0,0,0,0,0,0,0,100.15,100.27,99.87,99.47,96.75,100.05,100.22,98.25,24.75,95.13,1.126333,0.121667,960.216614,0,125,124.900002,0,22.6,105,99.099998,4,0,66.25,4.122241,6.12,13.84,10.98,0.08,2.880006,0,TRUE,FALSE,FALSE,TRUE,TRUE,TRUE,TRUE,TRUE,TRUE,FALSE,TRUE,FALSE,TRUE,FALSE,FALSE,118.35,118.35,116.41,118.91,116.11,108.33,116.14,25.78,0.229667,0.295,959.974609,0,140,140,0,23.1,0,20,0.08,0, FALSE , TRUE , FALSE , TRUE , TRUE ,TRUE , TRUE , FALSE , TRUE , FALSE , TRUE , FALSE , FALSE 
17:53:30,0,0,0,0,0,0,0,0,100.155,100.285,99.875,99.47,96.395,100.005,100.275,98.235,24.75,95.205,1.089333,0.1735,960.6410525,0,125,124.900002,0,22.6,105,99.099998,4,0,66.2249985,4.0893885,6.14,13,10.98,0.08,2.879997,0,TRUE,FALSE,FALSE,TRUE,TRUE,TRUE,TRUE,TRUE,TRUE,FALSE,TRUE,FALSE,TRUE,FALSE,FALSE,118.35,118.46,116.42,118.92,116.12,108.33,116.12,25.77,0.188,0.303667,959.934448,0,140,140,0,23,0,20,0.08,0, FALSE , TRUE , FALSE , TRUE , TRUE ,TRUE , TRUE , FALSE , TRUE , FALSE , TRUE , FALSE , FALSE 
17:54:00,0,0,0,0,0,0,0,0,100.16,100.27,99.85,99.48,97.33,99.98,99.78,98.21,24.73,95.07,1.129667,0.138667,960.301453,0,125,124.900002,0,22.6,105,99.099998,4,0,66.199997,4.056536,6.16,13.84,10.98,0.08,2.879997,0,TRUE,FALSE,FALSE,TRUE,TRUE,TRUE,TRUE,TRUE,TRUE,FALSE,TRUE,FALSE,TRUE,FALSE,FALSE,118.36,118.37,116.41,118.91,116.13,108.33,116.06,25.74,0.241333,0.301667,959.934448,0,140,140,0,22.9,0,20.1,0.08,0, FALSE , TRUE , FALSE , TRUE , TRUE ,TRUE , TRUE , FALSE , TRUE , FALSE , TRUE , FALSE , FALSE 
17:54:30,0,0,0,0,0,0,0,0,100.145,100.275,99.865,99.49,96.575,99.995,100.32,98.265,24.735,95.205,1.2221665,0.1088335,960.556213,0,125,124.950001,0,22.6,105,99.099998,4,0,66.1749995,4.0428305,6.185,13.84,10.98,0.08,2.879997,0,TRUE,FALSE,FALSE,TRUE,TRUE,TRUE,TRUE,TRUE,TRUE,FALSE,TRUE,FALSE,TRUE,FALSE,FALSE,118.36,118.4,116.4,118.9,116.1,108.31,116.14,25.78,0.248333,0.297333,959.934448,0,140,139.899994,0,22.9,0,20,0.08,0, FALSE , TRUE , FALSE , TRUE , TRUE ,TRUE , TRUE , FALSE , TRUE , FALSE , TRUE , FALSE , FALSE 
17:55:00,0,0,0,0,0,0,0,0,100.17,100.24,99.83,99.45,96.82,100.04,100.39,98.29,24.73,95.15,1.015,0.109333,959.707092,0,125,124.900002,0,22.6,105,99.099998,4,0,66.150002,4.029125,6.21,13.84,11.03,0.08,2.879997,0,TRUE,FALSE,FALSE,TRUE,TRUE,TRUE,TRUE,TRUE,TRUE,FALSE,TRUE,FALSE,TRUE,FALSE,FALSE,118.35,118.44,116.41,118.93,116.13,108.33,116.16,25.79,0.208,0.301667,959.934448,0,140,140,0,22.799999,0,20,0.08,0, FALSE , TRUE , FALSE , TRUE , TRUE ,TRUE , TRUE , FALSE , TRUE , FALSE , TRUE , FALSE , FALSE 
17:55:30,0,0,0,0,0,0,0,0,100.18,100.285,99.875,99.525,96.725,99.96,100.16,98.185,24.74,95.205,1.2495,0.131,960.1741945,0,125,125,0,22.6,105,99.099998,4,0,66.150002,4.029129,3.242,13.84,11.0025,0.08,2.879997,0,TRUE,FALSE,FALSE,TRUE,TRUE,TRUE,TRUE,TRUE,TRUE,FALSE,TRUE,FALSE,TRUE,FALSE,FALSE,118.35,118.4,116.43,118.91,116.11,108.32,116.12,25.77,0.275333,0.300333,959.894287,0,140,139.899994,0,22.700001,0,20.1,0.08,0, FALSE , TRUE , FALSE , TRUE , TRUE ,TRUE , TRUE , FALSE , TRUE , FALSE , TRUE , FALSE , FALSE 
17:56:00,0,0,0,0,0,0,0,0,100.16,100.26,99.82,99.5,96.44,99.94,100.31,98.19,24.74,95.21,1.054333,0.159,960.725891,0,125,124.900002,0,22.6,105,99.099998,4,0,66.150002,4.029133,6.28,13.84,10.975,0.08,2.879997,0,TRUE,FALSE,FALSE,TRUE,TRUE,TRUE,TRUE,TRUE,TRUE,FALSE,TRUE,FALSE,TRUE,FALSE,FALSE,118.36,118.46,116.4,118.93,116.11,108.33,116.12,25.75,0.216667,0.305,959.934448,0,140,140,0,22.700001,0,20,0.08,0, FALSE , TRUE , FALSE , TRUE , TRUE ,TRUE , TRUE , FALSE , TRUE , FALSE , TRUE , FALSE , FALSE 
17:56:30,0,0,0,0,0,0,0,0,100.165,100.28,99.79,99.53,96.625,99.65,100.085,98.14,24.76,95.18,1.2256665,0.087833,960.046814,0,125,124.900002,0,22.6,105,99.099998,4,0,66.075001,3.985276,6.31,13.84,10.975,0.079,3.2369605,0,TRUE,FALSE,FALSE,TRUE,TRUE,TRUE,TRUE,TRUE,TRUE,FALSE,TRUE,FALSE,TRUE,FALSE,FALSE,118.39,118.42,116.42,118.91,116.12,108.33,116.15,25.77,0.224,0.298667,959.894287,0,140,139.899994,0,22.6,0,20,0.078,0, FALSE , TRUE , FALSE , TRUE , TRUE ,TRUE , TRUE , FALSE , TRUE , FALSE , TRUE , FALSE , FALSE 
17:57:00,0,0,0,0,0,0,0,0,100.2,100.27,99.8,99.52,96.98,98.13,100.38,98.19,24.75,95.14,1.370667,0.018667,961.15033,0,125,125,0,22.6,105,99.099998,4,0,66,3.941419,6.34,13.84,10.975,0.078,3.409027,0,TRUE,FALSE,FALSE,TRUE,TRUE,TRUE,TRUE,TRUE,TRUE,FALSE,TRUE,FALSE,TRUE,FALSE,FALSE,118.37,118.44,116.41,118.93,116.13,108.33,116.15,25.78,0.268333,0.296333,959.974609,0,140,140,0,22.6,0,20,0.078,0, FALSE , TRUE , FALSE , TRUE , TRUE ,TRUE , TRUE , FALSE , TRUE , FALSE , TRUE , FALSE , FALSE 
17:57:30,0,0,0,0,0,0,0,0,100.18,100.26,99.78,99.51,96.435,99.3,100.22,98.245,24.75,95.27,1.2455,0.100333,960.428833,0,125,124.950001,0,22.6,105,99.099998,4,0,65.9749985,3.9053195,3.195,13.84,10.975,0.078,3.9630415,0,TRUE,FALSE,FALSE,TRUE,TRUE,TRUE,TRUE,TRUE,TRUE,FALSE,TRUE,FALSE,TRUE,FALSE,FALSE,118.4,118.43,116.42,118.92,116.13,108.34,116.13,25.77,0.238667,0.304,959.974609,0,140,140,0,22.5,0,19.9,0.078,-0.005198, FALSE , TRUE , FALSE , TRUE , TRUE ,TRUE , TRUE , FALSE , TRUE , FALSE , TRUE , FALSE , FALSE 
17:58:00,0,0,0,0,0,0,0,0,100.19,100.28,99.8,99.52,96.72,100.13,100.48,98.18,24.75,95.23,1.14,0.059667,959.707092,0,125,124.900002,0,22.6,105,99.099998,4,0,65.949997,3.86922,6.41,13.84,10.975,0.078,4.135099,0,TRUE,FALSE,FALSE,TRUE,TRUE,TRUE,TRUE,TRUE,TRUE,FALSE,TRUE,FALSE,TRUE,FALSE,FALSE,118.37,118.45,116.43,118.92,116.12,108.32,116.14,25.75,0.248333,0.299667,960.014648,0,140,140,0,22.5,0,20,8,-0.073367, FALSE , TRUE , FALSE , TRUE , TRUE ,TRUE , TRUE , FALSE , TRUE , FALSE , TRUE , FALSE , FALSE 
17:58:30,0,0,0,0,0,0,0,0,100.175,100.28,99.805,99.51,96.575,100.1,100.33,98.17,24.755,95.265,1.130667,0.1276665,960.046814,0,125,124.950001,0,22.6,105,99.099998,4,0,65.8999975,3.899759,6.44,13.84,10.975,8,3.989124,-0.004112,TRUE,FALSE,FALSE,TRUE,TRUE,TRUE,TRUE,TRUE,TRUE,FALSE,TRUE,FALSE,TRUE,FALSE,FALSE,118.4,118.54,116.42,118.93,116.12,108.33,116.15,25.75,0.265667,0.302,960.014648,0,140,140,0,22.5,0,20,8,-0.086098, FALSE , TRUE , FALSE , TRUE , TRUE ,TRUE , TRUE , FALSE , TRUE , FALSE , TRUE , FALSE , FALSE 
17:59:00,0,0,0,0,0,0,0,0,100.17,100.27,99.8,99.5,96.69,100.11,99.64,98.2,24.77,95.23,1.330667,0.112667,959.622253,0,125,125,0,22.6,105,99.099998,4,0,65.849998,3.930298,6.47,13.84,10.985,8,3.952694,-0.009274,TRUE,FALSE,FALSE,TRUE,TRUE,TRUE,TRUE,TRUE,TRUE,FALSE,TRUE,FALSE,TRUE,FALSE,FALSE,118.44,118.54,116.42,118.91,116.1,108.35,116.1,25.73,0.275667,0.292,960.014648,0,140,140,0,22.4,0,19.9,8,262.170123, FALSE , TRUE , FALSE , TRUE , TRUE ,TRUE , TRUE , FALSE , TRUE , FALSE , TRUE , FALSE , FALSE 
17:59:30,0,0,0,0,0,0,0,0,100.205,100.275,99.825,99.48,96.675,100.135,100.44,98.21,24.75,95.24,1.1696665,0.1366665,960.3864135,0,125,125,0,22.6,105,99.099998,4,0,65.8250005,3.905523,6.485,13.82,10.97,4.035,3.852913,-0.017803,TRUE,FALSE,FALSE,TRUE,TRUE,TRUE,TRUE,TRUE,TRUE,FALSE,TRUE,FALSE,TRUE,FALSE,FALSE,118.39,118.45,116.41,118.92,116.12,108.33,116.15,25.74,0.270333,0.297,959.974609,0,140,139.899994,0,22.4,0,19.9,0.078,290.535698, FALSE , TRUE , FALSE , TRUE , TRUE ,TRUE , TRUE , FALSE , TRUE , FALSE , TRUE , FALSE , FALSE 
18:00:00,0,0,0,0,0,0,0,0,100.18,100.26,99.82,99.44,96.61,100.09,100.27,98.17,24.75,95.27,1.204,0.204667,960.471375,0,125,125,0,22.6,105,99.099998,4,0,65.800003,3.880748,6.5,13.84,11.01,0.07,3.451499,16.268944,TRUE,FALSE,FALSE,TRUE,TRUE,TRUE,TRUE,TRUE,TRUE,FALSE,TRUE,FALSE,TRUE,FALSE,FALSE,118.44,118.5,116.41,118.91,116.09,108.33,116.13,25.72,0.303667,0.305333,960.014648,0,140,140,0,22.299999,0,20,0.078,262.209298, FALSE , TRUE , FALSE , TRUE , TRUE ,TRUE , TRUE , FALSE , TRUE , FALSE , TRUE , FALSE , FALSE 
18:00:30,0,0,0,0,0,0,0,0,100.19,100.27,99.845,99.455,96.845,100.09,100.265,98.175,24.74,95.15,1.0598335,0.1698335,960.1741945,0,125,124.950001,0,22.55,105,99.099998,4,0,65.7750015,3.934656,6.525,13.84,10.9725,0.07,3.14177,26.4927155,TRUE,FALSE,FALSE,TRUE,TRUE,TRUE,TRUE,TRUE,TRUE,FALSE,TRUE,FALSE,TRUE,FALSE,FALSE,118.4,118.4,116.42,118.91,116.11,108.33,116.12,25.71,0.250667,0.304333,959.974609,0,140,139.899994,0,22.200001,0,20,0.078,-262.203703, FALSE , TRUE , FALSE , TRUE , TRUE ,TRUE , TRUE , FALSE , TRUE , FALSE , TRUE , FALSE , FALSE 
18:01:00,0,0,0,0,0,0,0,0,100.17,100.27,99.85,99.43,96.83,100.13,100.36,98.27,24.72,95.23,1.269,0.060667,960.810974,0,125,124.900002,0,22.5,105,99.099998,4,0,65.75,3.988564,6.54,13.84,10.92,0.078,2.417082,60.777808,TRUE,FALSE,FALSE,TRUE,TRUE,TRUE,TRUE,TRUE,TRUE,FALSE,TRUE,FALSE,TRUE,FALSE,FALSE,118.42,118.51,116.42,118.92,116.12,108.34,116.14,25.72,0.246667,0.292667,959.974609,0,140,140,0,22.200001,0,20,0.078,-290.535698, FALSE , TRUE , FALSE , TRUE , TRUE ,TRUE , TRUE , FALSE , TRUE , FALSE , TRUE , FALSE , FALSE 
18:01:30,0,0,0,0,0,0,0,0,100.195,100.275,99.875,99.44,96.515,100.055,100.25,98.205,24.735,95.285,1.2205,0.133,959.961853,0,125,124.950001,0,22.5,105,99.1499975,4,0,65.700001,3.9929735,6.555,13.84,10.96,0.078,2.16001,63.1021445,TRUE,FALSE,FALSE,TRUE,TRUE,TRUE,TRUE,TRUE,TRUE,FALSE,TRUE,FALSE,TRUE,FALSE,FALSE,118.43,118.51,116.42,118.91,116.11,108.33,116.14,25.73,0.275,0.298,959.974609,0,140,140,0,22.1,0,20,0.078,-262.209298, FALSE , TRUE , FALSE , TRUE , TRUE ,TRUE , TRUE , FALSE , TRUE , FALSE , TRUE , FALSE , FALSE 
18:02:00,0,0,0,0,0,0,0,0,100.19,100.28,99.88,99.44,96.82,100.01,100.31,98.22,24.71,95.2,1.265333,0.08,960.980652,0,125,125,0,22.5,105,99.199997,4,0,65.650002,3.997383,6.58,13.84,10.985,0.078,2.226443,60.740443,TRUE,FALSE,FALSE,TRUE,TRUE,TRUE,TRUE,TRUE,TRUE,FALSE,TRUE,FALSE,TRUE,FALSE,FALSE,118.4,118.52,116.4,118.91,116.11,108.32,116.15,25.72,0.26,0.305333,960.054932,0,140,140,0,22.1,0,19.9,0.078,0, FALSE , TRUE , FALSE , TRUE , TRUE ,TRUE , TRUE , FALSE , TRUE , FALSE , TRUE , FALSE , FALSE 
18:02:30,0,0,0,0,0,0,0,0,100.175,100.28,99.89,99.445,96.76,100,100.225,98.17,24.73,95.225,1.151167,0.175333,960.386414,0,125,125,0,22.5,105,99.199997,4,0,65.650002,3.9657055,6.595,13.84,10.975,0.078,2.160002,26.4725015,TRUE,FALSE,FALSE,TRUE,TRUE,TRUE,TRUE,TRUE,TRUE,FALSE,TRUE,FALSE,TRUE,FALSE,FALSE,118.45,118.55,116.41,118.91,116.12,108.33,116.16,25.72,0.29,0.298667,960.014648,0,140,139.899994,0,22.1,0,20,0.078,0, FALSE , TRUE , FALSE , TRUE , TRUE ,TRUE , TRUE , FALSE , TRUE , FALSE , TRUE , FALSE , FALSE 
18:03:00,0,0,0,0,0,0,0,0,100.16,100.28,99.89,99.42,96.84,100.05,99.79,98.2,24.74,95.26,1.243,0.115333,960.895813,0,125,125,0,22.5,105,99.199997,4,0,65.650002,3.934028,0,13.84,10.975,0.078,2.093571,-0.037138,TRUE,FALSE,FALSE,TRUE,TRUE,TRUE,TRUE,TRUE,TRUE,FALSE,TRUE,FALSE,TRUE,FALSE,FALSE,118.41,118.56,116.4,118.91,116.11,108.33,116.17,25.72,0.282333,0.292333,960.014648,0,140,140,0,22,0,20,0.078,0, FALSE , TRUE , FALSE , TRUE , TRUE ,TRUE , TRUE , FALSE , TRUE , FALSE , TRUE , FALSE , FALSE 
18:03:30,0,0,0,0,0,0,0,0,100.185,100.275,99.895,99.445,96.6,100.015,100.38,98.245,24.74,95.305,1.181,0.119,961.2352905,0,125,125,0,22.5,105,99.199997,4,0,65.575001,3.9857005,6.635,13.84,10.975,0.078,2.226427,-0.007049,TRUE,FALSE,FALSE,TRUE,TRUE,TRUE,TRUE,TRUE,TRUE,FALSE,TRUE,FALSE,TRUE,FALSE,FALSE,118.44,118.54,116.41,118.89,116.13,108.33,116.17,25.72,0.265333,0.301,959.974609,0,140,139.899994,0,22,0,19.9,0.078,0, FALSE , TRUE , FALSE , TRUE , TRUE ,TRUE , TRUE , FALSE , TRUE , FALSE , TRUE , FALSE , FALSE 
18:04:00,0,0,0,0,0,0,0,0,100.2,100.29,99.9,99.41,96.65,99.99,100.28,98.2,24.74,95.26,1.071333,0.231333,960.301453,0,125,124.900002,0,22.5,105,99.099998,4,0,65.5,4.037373,6.65,13.84,10.995,0.078,2.093566,0.01975,TRUE,FALSE,FALSE,TRUE,TRUE,TRUE,TRUE,TRUE,TRUE,FALSE,TRUE,FALSE,TRUE,FALSE,FALSE,118.41,118.54,116.42,118.92,116.12,108.33,116.17,25.69,0.277333,0.294667,959.974609,0,140,140,0,22,0,20,0.078,0, FALSE , TRUE , FALSE , TRUE , TRUE ,TRUE , TRUE , FALSE , TRUE , FALSE , TRUE , FALSE , FALSE 
18:04:30,0,0,0,0,0,0,0,0,100.18,100.24,99.89,99.46,96.84,99.965,100.315,98.16,24.735,95.24,1.0631665,0.2093335,960.0892335,0,125,124.950001,0,22.5,105,99.1499975,4,0,65.4749985,4.0012445,6.67,13.84,10.97,0.078,2.2654665,-26.4773885,TRUE,FALSE,FALSE,TRUE,TRUE,TRUE,TRUE,TRUE,TRUE,FALSE,TRUE,FALSE,TRUE,FALSE,FALSE,118.4,118.54,116.42,118.94,116.14,108.35,116.15,25.69,0.296667,0.303667,960.014648,0,140,140,0,21.9,0,20,0.078,0, FALSE , TRUE , FALSE , TRUE , TRUE ,TRUE , TRUE , FALSE , TRUE , FALSE , TRUE , FALSE , FALSE 
18:05:00,0,0,0,0,0,0,0,0,100.2,100.28,99.89,99.45,96.74,100.02,99.94,98.16,24.76,95.26,1.081667,0.22,960.556213,0,125,125,0,22.5,105,99.099998,4,0,65.449997,3.965116,6.69,13.84,10.97,0.08,2.448654,-60.762481,TRUE,FALSE,FALSE,TRUE,TRUE,TRUE,TRUE,TRUE,TRUE,FALSE,TRUE,FALSE,TRUE,FALSE,FALSE,118.44,118.51,116.51,119.01,116.22,108.42,116.15,25.67,0.309,0.293,959.974609,0,140,140,0,21.9,0,19.9,0.078,0, FALSE , TRUE , FALSE , TRUE , TRUE ,TRUE , TRUE , FALSE , TRUE , FALSE , TRUE , FALSE , FALSE 
18:05:30,0,0,0,0,0,0,0,0,100.185,100.275,99.885,99.445,96.55,99.98,100,98.17,24.745,95.3,1.246,0.172833,960.4712525,0,125,125,0,22.5,105,99.099998,4,0,65.4249995,3.9992415,6.705,13.84,10.97,0.08,2.4204775,-63.1055005,TRUE,FALSE,FALSE,TRUE,TRUE,TRUE,TRUE,TRUE,TRUE,FALSE,TRUE,FALSE,TRUE,FALSE,FALSE,118.41,118.55,116.4,118.91,116.12,108.33,116.16,25.7,0.307333,0.307333,960.054932,0,140,139.899994,0,21.9,0,20.1,0.08,0, FALSE , TRUE , FALSE , TRUE , TRUE ,TRUE , TRUE , FALSE , TRUE , FALSE , TRUE , FALSE , FALSE 
18:06:00,0,0,0,0,0,0,0,0,100.17,100.28,99.9,99.46,96.43,99.97,100.31,98.23,24.75,95.29,1.133667,0.191,960.641052,0,125,125,0,22.5,105,99.099998,4,0,65.400002,4.033367,6.73,13.84,0.97,0.08,2.315676,-60.725116,TRUE,FALSE,FALSE,TRUE,TRUE,TRUE,TRUE,TRUE,TRUE,FALSE,TRUE,FALSE,TRUE,FALSE,FALSE,118.42,118.54,116.4,118.91,116.12,108.33,116.15,25.67,0.307,0.295,960.014648,0,140,140,0,21.9,0,20,0.08,0, FALSE , TRUE , FALSE , TRUE , TRUE ,TRUE , TRUE , FALSE , TRUE , FALSE , TRUE , FALSE , FALSE 
18:06:30,0,0,0,0,0,0,0,0,100.175,100.25,99.88,99.46,96.87,99.99,100.365,98.2,24.745,95.25,1.1176665,0.2068335,960.5562135,0,125,124.950001,0,22.5,105,99.099998,4,0,65.375,4.097665,6.745,13.84,10.97,0.08,2.12661,-26.4530625,TRUE,FALSE,FALSE,TRUE,TRUE,TRUE,TRUE,TRUE,TRUE,FALSE,TRUE,FALSE,TRUE,FALSE,FALSE,118.42,118.51,116.41,118.92,116.13,108.33,116.18,25.69,0.330667,0.296,960.014648,0,140,140,0,21.9,0,20,0.08,0.066174, FALSE , TRUE , FALSE , TRUE , TRUE ,TRUE , TRUE , FALSE , TRUE , FALSE , TRUE , FALSE , FALSE 
18:07:00,0,0,0,0,0,0,0,0,100.18,100.27,99.87,99.43,96.75,99.93,100.14,98.19,24.73,95.19,1.234667,0.119667,960.386292,0,125,125,0,22.5,105,99,4,0,65.349998,4.161963,6.76,13.84,10.97,0.08,2.041061,-16.223687,TRUE,FALSE,FALSE,TRUE,TRUE,TRUE,TRUE,TRUE,TRUE,FALSE,TRUE,FALSE,TRUE,FALSE,FALSE,118.4,118.54,116.41,118.92,116.13,108.33,116.14,25.72,0.330667,0.296,959.974609,0,140,140,0,21.799999,0,20,0.08,0.073367, FALSE , TRUE , FALSE , TRUE , TRUE ,TRUE , TRUE , FALSE , TRUE , FALSE , TRUE , FALSE , FALSE 
18:07:30,0,0,0,0,0,0,0,0,100.19,100.285,99.88,99.405,96.765,100.015,100.425,98.24,24.745,95.24,1.1681665,0.1675,960.1740725,0,125,124.950001,0,22.5,105,99,4,0,65.299999,4.1704225,6.78,13.84,10.97,0.08,2.126697,0.0614225,TRUE,FALSE,FALSE,TRUE,TRUE,TRUE,TRUE,TRUE,TRUE,FALSE,TRUE,FALSE,TRUE,FALSE,FALSE,118.4,118.53,116.41,118.92,116.13,108.33,116.13,25.67,0.305,0.294667,960.014648,0,140,140,0,21.799999,0,20,0.08,0.066196, FALSE , TRUE , FALSE , TRUE , TRUE ,TRUE , TRUE , FALSE , TRUE , FALSE , TRUE , FALSE , FALSE 
18:08:00,0,0,0,0,0,0,0,0,100.2,100.27,99.85,99.41,96.57,100.01,100.46,98.26,24.74,95.31,1.217333,0.185,961.40509,0,125,125,0,22.5,105,99,4,0,65.25,4.178882,6.8,13.84,10.97,0.08,2.226443,0.036345,TRUE,FALSE,FALSE,TRUE,TRUE,TRUE,TRUE,TRUE,TRUE,FALSE,TRUE,FALSE,TRUE,FALSE,FALSE,118.4,118.55,116.4,118.92,116.13,108.33,116.12,25.66,0.340667,0.299667,960.014648,0,140,140,0,21.799999,0,20,0.08,0, FALSE , TRUE , FALSE , TRUE , TRUE ,TRUE , TRUE , FALSE , TRUE , FALSE , TRUE , FALSE , FALSE 
18:08:30,0,0,0,0,0,0,0,0,100.18,100.265,99.855,99.4,96.69,99.95,100.31,98.225,24.74,95.21,1.2436665,0.161,960.386292,0,125,124.900002,0,22.5,105,99,4,0,65.2249985,4.135732,6.815,13.84,10.97,0.08,2.093577,0.024004,TRUE,FALSE,FALSE,TRUE,TRUE,TRUE,TRUE,TRUE,TRUE,FALSE,TRUE,FALSE,TRUE,FALSE,FALSE,118.38,118.55,116.41,118.92,116.13,108.33,116.14,25.67,0.357667,0.295667,960.014648,0,140,139.899994,0,21.799999,0,20.1,0.08,0, FALSE , TRUE , FALSE , TRUE , TRUE ,TRUE , TRUE , FALSE , TRUE , FALSE , TRUE , FALSE , FALSE 
18:09:00,0,0,0,0,0,0,0,0,100.16,100.29,99.88,99.43,96.52,100.05,100.28,98.24,24.74,95.24,1.309333,0.097667,961.320251,0,125,125,0,22.5,105,98.900002,4,0,65.199997,4.092582,6.83,13.84,10.97,0.08,2.226427,0.024004,TRUE,FALSE,FALSE,TRUE,TRUE,TRUE,TRUE,TRUE,TRUE,FALSE,TRUE,FALSE,TRUE,FALSE,FALSE,118.39,118.54,116.38,118.9,116.11,108.32,116.15,25.67,0.324667,0.301667,960.014648,0,140,140,0,21.799999,0,20,0.08,0, FALSE , TRUE , FALSE , TRUE , TRUE ,TRUE , TRUE , FALSE , TRUE , FALSE , TRUE , FALSE , FALSE 
18:09:30,0,0,0,0,0,0,0,0,100.145,100.275,99.85,99.42,96.62,99.995,100.38,98.26,24.745,95.19,1.2323335,0.158333,960.216614,0,125,125,0,22.5,105,98.900002,4,0,65.1749995,4.072732,6.855,13.84,10.97,0.08,2.324057,0.024004,TRUE,FALSE,FALSE,TRUE,TRUE,TRUE,TRUE,TRUE,TRUE,FALSE,TRUE,FALSE,TRUE,FALSE,FALSE,118.38,118.5,116.42,118.93,116.14,108.35,116.22,25.75,0.367667,0.304,960.014648,0,140,140,0,21.700001,0,20,0.08,0, FALSE , TRUE , FALSE , TRUE , TRUE ,TRUE , TRUE , FALSE , TRUE , FALSE , TRUE , FALSE , FALSE 
18:10:00,0,0,0,0,0,0,0,0,100.15,100.26,99.82,99.42,96.68,99.92,100.1,98.21,24.76,95.19,1.142667,0.201333,959.792175,0,125,124.900002,0,22.5,105,98.900002,4,0,65.150002,4.052882,6.87,13.84,10.97,0.08,2.138858,0.024004,TRUE,FALSE,FALSE,TRUE,TRUE,TRUE,TRUE,TRUE,TRUE,FALSE,TRUE,FALSE,TRUE,FALSE,FALSE,118.42,118.57,116.34,118.92,116.13,108.33,116.16,25.68,0.364333,0.295667,959.974609,0,140,139.899994,0,21.700001,0,20,0.078,0, FALSE , TRUE , FALSE , TRUE , TRUE ,TRUE , TRUE , FALSE , TRUE , FALSE , TRUE , FALSE , FALSE 
18:10:30,0,0,0,0,0,0,0,0,100.19,100.29,99.87,99.43,96.715,99.99,100.14,98.25,24.75,95.16,1.1553335,0.2245,960.174072,0,125,124.950001,0,22.5,105,98.900002,4,0,65.1000025,4.049749,3.45,13.84,10.97,0.079,2.1599975,0.024004,TRUE,FALSE,FALSE,TRUE,TRUE,TRUE,TRUE,TRUE,TRUE,FALSE,TRUE,FALSE,TRUE,FALSE,FALSE,118.39,118.55,116.41,118.9,116.14,108.34,116.14,25.66,0.376,0.289,960.014648,0,140,140,0,21.700001,0,20,0.078,-0.005198, FALSE , TRUE , FALSE , TRUE , TRUE ,TRUE , TRUE , FALSE , TRUE , FALSE , TRUE , FALSE , FALSE 
18:11:00,0,0,0,0,0,0,0,0,100.14,100.27,99.86,99.4,96.5,99.97,100.24,98.21,24.74,95.19,1.262667,0.099667,961.15033,0,125,124.900002,0,22.5,105,98.900002,4,0,65.050003,4.046616,6.91,13.84,10.97,0.078,2.181135,0.019892,TRUE,FALSE,FALSE,TRUE,TRUE,TRUE,TRUE,TRUE,TRUE,FALSE,TRUE,FALSE,TRUE,FALSE,FALSE,118.37,118.54,116.38,118.93,116.15,108.35,116.12,25.66,0.355667,0.305333,960.014648,0,140,140,0,21.700001,0,19.9,0.078,-0.066174, FALSE , TRUE , FALSE , TRUE , TRUE ,TRUE , TRUE , FALSE , TRUE , FALSE , TRUE , FALSE , FALSE 
18:11:30,0,0,0,0,0,0,0,0,100.165,100.275,99.86,99.415,96.89,99.885,100.26,98.15,24.76,95.085,1.32,0.1275,960.4712525,0,125,124.900002,0,22.5,105,98.800003,4,0,65.0250015,4.0000725,6.925,13.42,10.97,0.078,2.241238,0.0120025,TRUE,FALSE,FALSE,TRUE,TRUE,TRUE,TRUE,TRUE,TRUE,FALSE,TRUE,FALSE,TRUE,FALSE,FALSE,118.39,118.55,116.4,118.92,116.14,108.34,116.16,25.67,0.360667,0.300333,960.014648,0,140,139.899994,0,21.700001,0,20,0.078,-0.073367, FALSE , TRUE , FALSE , TRUE , TRUE ,TRUE , TRUE , FALSE , TRUE , FALSE , TRUE , FALSE , FALSE 
18:12:00,0,0,0,0,0,0,0,0,100.16,100.28,99.8,99.4,96.52,99.95,99.8,98.2,24.75,95.13,1.251333,0.159333,961.320251,0,125,125,0,22.5,105,98.800003,4,0,65,3.953529,6.94,13,10.97,0.078,2.343614,0.009275,TRUE,FALSE,FALSE,TRUE,TRUE,TRUE,TRUE,TRUE,TRUE,FALSE,TRUE,FALSE,TRUE,FALSE,FALSE,118.4,118.55,116.4,118.91,116.13,108.3,116.2,25.66,0.327667,0.304,960.014648,0,140,140,0,21.700001,0,20,0.078,-0.066196, FALSE , TRUE , FALSE , TRUE , TRUE ,TRUE , TRUE , FALSE , TRUE , FALSE , TRUE , FALSE , FALSE 
18:12:30,0,0,0,0,0,0,0,0,100.165,100.27,99.855,99.4,96.705,99.89,100.28,98.175,24.765,95.08,1.2993335,0.1015,960.5136715,0,125,124.950001,0,22.45,105,98.800003,4,0,64.950001,3.9954375,6.965,13.84,10.97,0.078,2.265471,-0.004637,TRUE,FALSE,FALSE,TRUE,TRUE,TRUE,TRUE,TRUE,TRUE,FALSE,TRUE,FALSE,TRUE,FALSE,FALSE,118.4,118.58,116.4,118.92,116.14,108.33,116.13,25.64,0.366333,0.3,960.094971,0,140,140,0,21.6,0,19.9,0.078,0, FALSE , TRUE , FALSE , TRUE , TRUE ,TRUE , TRUE , FALSE , TRUE , FALSE , TRUE , FALSE , FALSE 
18:13:00,0,0,0,0,0,0,0,0,100.19,100.29,99.89,99.43,96.93,99.99,100.08,98.3,24.74,95.1,1.182333,0.183667,960.131775,0,125,125,0,22.4,105,98.800003,4,0,64.900002,4.037346,6.98,13.84,10.97,0.078,2.093571,-0.014729,TRUE,FALSE,FALSE,TRUE,TRUE,TRUE,TRUE,TRUE,TRUE,FALSE,TRUE,FALSE,TRUE,FALSE,FALSE,118.38,118.5,116.41,118.93,116.13,108.34,116.18,25.65,0.407667,0.299,960.094971,0,140,139.899994,0,21.6,0,20,0.078,0, FALSE , TRUE , FALSE , TRUE , TRUE ,TRUE , TRUE , FALSE , TRUE , FALSE , TRUE , FALSE , FALSE 
18:13:30,0,0,0,0,0,0,0,0,100.18,100.29,99.87,99.39,96.48,99.92,100.11,98.25,24.755,95.165,1.181833,0.1456665,960.598633,0,125,125,0,22.4,105,98.800003,4,0,64.875,4.035774,7,13.84,10.97,0.078,2.226427,-0.019892,TRUE,FALSE,FALSE,TRUE,TRUE,TRUE,TRUE,TRUE,TRUE,FALSE,TRUE,FALSE,TRUE,FALSE,FALSE,118.38,118.54,116.42,118.93,116.14,108.34,116.15,25.63,0.376,0.300333,960.054932,0,140,140,0,21.6,0,20,0.078,0, FALSE , TRUE , FALSE , TRUE , TRUE ,TRUE , TRUE , FALSE , TRUE , FALSE , TRUE , FALSE , FALSE 
18:14:00,0,0,0,0,0,0,0,0,100.14,100.27,99.86,99.42,96.29,99.93,100.57,98.28,24.75,95.13,1.164667,0.121667,959.961853,0,125,125,0,22.4,105,98.800003,4,0,64.849998,4.034202,7.02,13.84,10.97,0.078,2.093566,-0.024004,TRUE,FALSE,FALSE,TRUE,TRUE,TRUE,TRUE,TRUE,TRUE,FALSE,TRUE,FALSE,TRUE,FALSE,FALSE,118.38,118.57,116.4,118.92,116.14,108.34,116.19,25.64,0.374333,0.292667,960.094971,0,140,140,0,21.6,0,19.9,0.078,0, FALSE , TRUE , FALSE , TRUE , TRUE ,TRUE , TRUE , FALSE , TRUE , FALSE , TRUE , FALSE , FALSE 
18:14:30,0,0,0,0,0,0,0,0,100.16,100.275,99.86,99.44,96.46,99.87,100.235,98.235,24.76,95.125,1.2605,0.177167,961.192871,0,125,125,0,22.4,105,98.800003,4,0,64.8250005,4.0444005,7.035,13.84,10.97,0.078,2.160007,-0.024004,TRUE,FALSE,FALSE,TRUE,TRUE,TRUE,TRUE,TRUE,TRUE,FALSE,TRUE,FALSE,TRUE,FALSE,FALSE,118.37,118.54,116.41,118.93,116.13,108.33,116.17,25.62,0.405333,0.299333,960.054932,0,140,139.899994,0,21.6,0,20,0.078,0, FALSE , TRUE , FALSE , TRUE , TRUE ,TRUE , TRUE , FALSE , TRUE , FALSE , TRUE , FALSE , FALSE 
18:15:00,0,0,0,0,0,0,0,0,100.18,100.28,99.87,99.42,96.69,99.8,100.05,98.18,24.76,94.99,1.191333,0.208,960.046692,0,125,125,0,22.4,105,98.800003,4,0,64.800003,4.054599,7.06,13.84,0.97,0.078,2.226428,-0.024004,TRUE,FALSE,FALSE,TRUE,TRUE,TRUE,TRUE,TRUE,TRUE,FALSE,TRUE,FALSE,TRUE,FALSE,FALSE,118.38,118.54,116.41,118.92,116.15,108.34,116.15,25.61,0.389667,0.301,960.054932,0,140,140,0,21.6,0,20,0.078,0, FALSE , TRUE , FALSE , TRUE , TRUE ,TRUE , TRUE , FALSE , TRUE , FALSE , TRUE , FALSE , FALSE 
18:15:30,0,0,0,0,0,0,0,0,100.16,100.27,99.815,99.415,96.79,99.07,100.465,98.285,24.765,95.02,1.3119995,0.1173335,960.5560915,0,125,125,0,22.4,105,98.699997,4,0,64.75,4.094282,7.075,13.84,5.97,0.078,2.160002,-0.024004,TRUE,FALSE,FALSE,TRUE,TRUE,TRUE,TRUE,TRUE,TRUE,FALSE,TRUE,FALSE,TRUE,FALSE,FALSE,118.4,118.55,116.42,118.93,116.15,108.35,116.18,25.63,0.406667,0.304667,960.094971,0,140,140,0,21.6,0,20,0.078,0, FALSE , TRUE , FALSE , TRUE , TRUE ,TRUE , TRUE , FALSE , TRUE , FALSE , TRUE , FALSE , FALSE 
18:16:00,0,0,0,0,0,0,0,0,100.19,100.27,99.86,99.42,96.66,98.77,100.33,98.31,24.76,95.06,1.222333,0.214333,960.641052,0,125,124.900002,0,22.4,105,98.699997,4,0,64.699997,4.133965,7.09,13.84,10.97,0.078,2.226438,-0.024004,TRUE,FALSE,FALSE,TRUE,TRUE,TRUE,TRUE,TRUE,TRUE,FALSE,TRUE,FALSE,TRUE,FALSE,FALSE,118.39,118.54,116.41,118.94,116.13,108.34,116.16,25.62,0.376333,0.304,960.094971,0,140,140,0,21.6,0,20.1,0.078,0, FALSE , TRUE , FALSE , TRUE , TRUE ,TRUE , TRUE , FALSE , TRUE , FALSE , TRUE , FALSE , FALSE 
18:16:30,0,0,0,0,0,0,0,0,100.115,100.255,99.845,99.41,96.5,100.015,100.265,98.23,24.745,95.06,1.1936665,0.179667,960.3439945,0,125,124.900002,0,22.5,105,98.699997,4,0,64.6749995,4.058973,7.115,13.84,10.97,0.078,2.3240645,-0.017311,TRUE,FALSE,FALSE,TRUE,TRUE,TRUE,TRUE,TRUE,TRUE,FALSE,TRUE,FALSE,TRUE,FALSE,FALSE,118.39,118.49,116.41,118.92,116.13,108.35,116.15,25.61,0.426333,0.296,960.094971,0,140,139.899994,0,21.6,0,20,0.078,0, FALSE , TRUE , FALSE , TRUE , TRUE ,TRUE , TRUE , FALSE , TRUE , FALSE , TRUE , FALSE , FALSE 
18:17:00,0,0,0,0,0,0,0,0,100.14,100.24,99.84,99.4,96.27,100.13,100.35,98.16,24.76,95.15,1.452667,0.120333,961.40509,0,125,124.900002,0,22.4,105,98.699997,4,0,64.650002,3.983981,7.13,13.84,10.97,0.078,2.343614,-0.01473,TRUE,FALSE,FALSE,TRUE,TRUE,TRUE,TRUE,TRUE,TRUE,FALSE,TRUE,FALSE,TRUE,FALSE,FALSE,118.4,118.57,116.39,118.91,116.12,108.33,116.14,25.6,0.408333,0.294667,960.135132,0,140,140,0,21.6,0,20,0.078,0, FALSE , TRUE , FALSE , TRUE , TRUE ,TRUE , TRUE , FALSE , TRUE , FALSE , TRUE , FALSE , FALSE 
18:17:30,0,0,0,0,0,0,0,0,100.135,100.28,99.865,99.425,96.58,100.04,100.33,98.145,24.765,95.015,1.2468335,0.1575,960.343994,0,125,124.900002,0,22.4,105,98.699997,4,0,64.625,4.048017,91.57,13.84,10.9775,0.078,2.324057,-0.0066935,TRUE,FALSE,FALSE,TRUE,TRUE,TRUE,TRUE,TRUE,TRUE,FALSE,TRUE,FALSE,TRUE,FALSE,FALSE,118.45,118.51,116.32,118.83,116.05,108.27,116.15,25.61,0.399,0.301667,960.094971,0,140,140,0,21.6,0,20,0.078,0, FALSE , TRUE , FALSE , TRUE , TRUE ,TRUE , TRUE , FALSE , TRUE , FALSE , TRUE , FALSE , FALSE 
18:18:00,0,0,0,0,0,0,0,0,100.18,100.27,99.86,99.41,97.12,100.15,100.12,98.28,24.76,94.97,1.255,0.219,959.792175,0,125,124.900002,0,22.4,105,98.699997,4,0,64.599998,4.112053,7.2,13.84,10.985,0.078,2.417072,0,TRUE,FALSE,FALSE,TRUE,TRUE,TRUE,TRUE,TRUE,TRUE,FALSE,TRUE,FALSE,TRUE,FALSE,FALSE,118.38,118.54,116.43,118.93,116.14,108.35,116.16,25.59,0.416333,0.298667,960.175293,0,140,140,0,21.6,0,19.9,0.078,0, FALSE , TRUE , FALSE , TRUE , TRUE ,TRUE , TRUE , FALSE , TRUE , FALSE , TRUE , FALSE , FALSE 
18:18:30,0,0,0,0,0,0,0,0,100.18,100.285,99.885,99.41,96.305,100.115,100.325,98.3,24.755,95.06,1.245667,0.2053335,960.131653,0,125,124.900002,0,22.4,105,98.6499975,4,0,64.549999,4.1322795,7.245,13.84,10.985,0.078,2.447172,0,TRUE,FALSE,FALSE,TRUE,TRUE,TRUE,TRUE,TRUE,TRUE,FALSE,TRUE,FALSE,TRUE,FALSE,FALSE,118.41,118.58,116.41,118.92,116.05,108.34,116.14,25.59,0.414,0.302667,960.175293,0,140,140,0,21.6,0,20,0.078,0, FALSE , TRUE , FALSE , TRUE , TRUE ,TRUE , TRUE , FALSE , TRUE , FALSE , TRUE , FALSE , FALSE 
18:19:00,0,0,0,0,0,0,0,0,100.19,100.29,99.88,99.42,96.2,100.05,100.21,98.25,24.8,95.09,1.242666,0.188333,960.725891,0,125,124.900002,0,22.4,105,98.599998,4,0,64.5,4.152506,7.29,13.84,10.985,0.078,3.709032,0,TRUE,FALSE,FALSE,TRUE,TRUE,TRUE,TRUE,TRUE,TRUE,FALSE,TRUE,FALSE,TRUE,FALSE,FALSE,118.42,118.56,116.4,118.93,116.13,108.34,116.1,25.59,0.430667,0.298,960.175293,0,140,140,0,21.6,0,20,0.078,0, FALSE , TRUE , FALSE , TRUE , TRUE ,TRUE , TRUE , FALSE , TRUE , FALSE , TRUE , FALSE , FALSE 
18:19:30,0,0,0,0,0,0,0,0,100.155,100.275,99.875,99.415,96.335,100.02,100.335,98.2,24.79,95.02,1.1863335,0.176167,960.428833,0,125,124.900002,0,22.4,105,98.599998,4,0,64.4749985,4.13228,7.325,13.84,10.985,0.078,4.527936,0,TRUE,FALSE,FALSE,TRUE,TRUE,TRUE,TRUE,TRUE,TRUE,FALSE,TRUE,FALSE,TRUE,FALSE,FALSE,118.39,118.54,116.42,118.94,116.15,108.36,116.16,25.61,0.448333,0.297333,960.175293,0,140,140,0,21.6,0,19.9,0.078,0, FALSE , TRUE , FALSE , TRUE , TRUE ,TRUE , TRUE , FALSE , TRUE , FALSE , TRUE , FALSE , FALSE 
18:20:00,0,0,0,0,0,0,0,0,100.19,100.27,99.86,99.43,96.55,100.05,100.24,98.22,24.78,94.98,1.178667,0.161333,960.471375,0,125,124.900002,0,22.4,105,98.599998,4,0,64.449997,4.112054,7.37,13.84,10.985,0.078,4.931007,0,TRUE,FALSE,FALSE,TRUE,TRUE,TRUE,TRUE,TRUE,TRUE,FALSE,TRUE,FALSE,TRUE,FALSE,FALSE,118.39,118.58,116.42,118.94,116.14,108.35,116.18,25.6,0.434,0.298333,960.175293,0,140,139.899994,0,21.6,0,20,8,0, FALSE , TRUE , FALSE , TRUE , TRUE ,TRUE , TRUE , FALSE , TRUE , FALSE , TRUE , FALSE , FALSE 
18:20:30,0,0,0,0,0,0,0,0,100.175,100.27,99.86,99.42,96.42,100.065,100.145,98.255,24.76,95.055,1.1654995,0.2126665,960.131775,0,125,124.950001,0,22.4,105,98.599998,4,0,64.4249995,4.106687,7.415,13.84,10.985,0.078,-43.9230695,0,TRUE,FALSE,FALSE,TRUE,TRUE,TRUE,TRUE,TRUE,TRUE,FALSE,TRUE,FALSE,TRUE,FALSE,FALSE,118.38,118.56,116.43,118.94,116.16,108.36,116.17,25.61,0.435,0.296667,960.135132,0,140,140,0,21.5,0,20,0.078,0, FALSE , TRUE , FALSE , TRUE , TRUE ,TRUE , TRUE , FALSE , TRUE , FALSE , TRUE , FALSE , FALSE 
18:21:00,0,0,0,0,0,0,0,0,100.16,100.29,99.89,99.41,96.15,99.95,100.29,98.21,24.79,95.05,1.468333,0.218667,961.320251,0,125,125,0,22.4,105,98.599998,4,0,64.400002,4.10132,7.46,13.84,10.985,0.078,4.921576,0,TRUE,FALSE,FALSE,TRUE,TRUE,TRUE,TRUE,TRUE,TRUE,FALSE,TRUE,FALSE,TRUE,FALSE,FALSE,118.38,118.56,116.41,118.92,116.13,108.33,116.17,25.6,0.454,0.303,960.135132,0,140,140,0,21.5,0,20,0.078,262.209298, FALSE , TRUE , FALSE , TRUE , TRUE ,TRUE , TRUE , FALSE , TRUE , FALSE , TRUE , FALSE , FALSE 
18:21:30,0,0,0,0,0,0,0,0,100.14,100.255,99.855,99.39,96.7,99.99,100.37,98.17,24.795,94.945,1.2148335,0.18,960.6411745,0,125,125,0,22.4,105,98.599998,4,0,64.3500025,4.1117855,7.495,13.84,10.985,0.078,5.006689,0,TRUE,FALSE,FALSE,TRUE,TRUE,TRUE,TRUE,TRUE,TRUE,FALSE,TRUE,FALSE,TRUE,FALSE,FALSE,118.39,118.54,116.46,118.97,116.16,108.39,116.17,25.6,0.444333,0.297,960.135132,0,140,139.899994,0,21.5,0,20,0.078,146.156349, FALSE , TRUE , FALSE , TRUE , TRUE ,TRUE , TRUE , FALSE , TRUE , FALSE , TRUE , FALSE , FALSE 
18:22:00,0,0,0,0,0,0,0,0,100.22,100.29,99.88,99.39,96.56,100.07,100.4,98.3,24.8,94.97,1.133,0.136333,960.556213,0,125,124.900002,0,22.4,105,98.5,4,0,64.300003,4.122251,7.54,13.84,10.985,0.078,4.973564,0,TRUE,FALSE,FALSE,TRUE,TRUE,TRUE,TRUE,TRUE,TRUE,FALSE,TRUE,FALSE,TRUE,FALSE,FALSE,118.41,118.56,116.38,118.92,116.13,108.34,116.18,25.58,0.453333,0.304333,960.175293,0,140,139.899994,0,21.5,0,20,0.078,0, FALSE , TRUE , FALSE , TRUE , TRUE ,TRUE , TRUE , FALSE , TRUE , FALSE , TRUE , FALSE , FALSE 
18:22:30,0,0,0,0,0,0,0,0,100.155,100.285,99.88,99.405,97.1,100.035,100.435,98.235,24.795,95.01,1.1275,0.117167,960.4712525,0,125,124.900002,0,22.4,105,98.5,4,0,64.2750015,4.0894035,7.585,13.84,10.985,0.078,5.1454775,0,TRUE,FALSE,FALSE,TRUE,TRUE,TRUE,TRUE,TRUE,TRUE,FALSE,TRUE,FALSE,TRUE,FALSE,FALSE,118.4,118.56,116.39,118.92,116.13,108.33,116.16,25.6,0.454333,0.3,960.175293,0,140,139.899994,0,21.5,0,20,0.078,-146.150869, FALSE , TRUE , FALSE , TRUE , TRUE ,TRUE , TRUE , FALSE , TRUE , FALSE , TRUE , FALSE , FALSE 
18:23:00,0,0,0,0,0,0,0,0,100.15,100.28,99.87,99.42,96.26,100.04,100.29,98.29,24.79,95.13,1.359333,0.035,960.216614,0,125,125,0,22.4,105,98.5,4,0,64.25,4.056556,7.63,13.84,10.985,0.078,5.223613,0,TRUE,FALSE,FALSE,TRUE,TRUE,TRUE,TRUE,TRUE,TRUE,FALSE,TRUE,FALSE,TRUE,FALSE,FALSE,118.39,118.55,116.42,118.93,116.14,108.36,116.17,25.64,0.444667,0.304,960.215332,0,140,139.899994,0,21.5,0,20,0.07,0, FALSE , TRUE , FALSE , TRUE , TRUE ,TRUE , TRUE , FALSE , TRUE , FALSE , TRUE , FALSE , FALSE 
18:23:30,0,0,0,0,0,0,0,0,100.215,100.295,99.895,99.43,96.555,99.98,100.035,98.095,24.8,94.94,1.145667,0.1841665,960.895691,0,125,124.950001,0,22.4,105,98.450001,4,0,64.25,4.0428445,0.3295,13.84,10.985,0.078,5.223611,0,TRUE,FALSE,FALSE,TRUE,TRUE,TRUE,TRUE,TRUE,TRUE,FALSE,TRUE,FALSE,TRUE,FALSE,FALSE,118.39,118.57,116.41,118.93,116.14,108.34,116.17,25.57,0.46,0.302333,960.175293,0,140,140,0,21.5,0,20,0.078,0, FALSE , TRUE , FALSE , TRUE , TRUE ,TRUE , TRUE , FALSE , TRUE , FALSE , TRUE , FALSE , FALSE 
18:24:00,0,0,0,0,0,0,0,0,100.19,100.29,99.89,99.36,96.33,100.02,99.8,98.2,24.8,95.01,1.255,0.122667,960.556213,0,125,124.900002,0,22.4,105,98.5,4,0,64.25,4.029133,7.71,13.84,10.985,0.078,5.184513,0,TRUE,FALSE,FALSE,TRUE,TRUE,TRUE,TRUE,TRUE,TRUE,FALSE,TRUE,FALSE,TRUE,FALSE,FALSE,118.38,118.56,116.41,118.93,116.14,108.34,116.17,25.57,0.485333,0.301333,960.175293,0,140,140,0,21.5,0,20,0.078,-0.020791, FALSE , TRUE , FALSE , TRUE , TRUE ,TRUE , TRUE , FALSE , TRUE , FALSE , TRUE , FALSE , FALSE 
18:24:30,0,0,0,0,0,0,0,0,100.18,100.245,99.885,99.42,96.43,100,100.33,98.17,24.805,94.895,1.1811665,0.183167,961.108032,0,125,124.950001,0,22.45,105,98.5,4,0,64.174999,4.029129,7.755,13.84,10.985,3.539,5.0399945,0,TRUE,FALSE,FALSE,TRUE,TRUE,TRUE,TRUE,TRUE,TRUE,FALSE,TRUE,FALSE,TRUE,FALSE,FALSE,118.41,118.57,116.39,118.93,116.14,108.34,116.17,25.58,0.423333,0.297667,960.175293,0,140,140,0,21.5,0,20,0.078,0, FALSE , TRUE , FALSE , TRUE , TRUE ,TRUE , TRUE , FALSE , TRUE , FALSE , TRUE , FALSE , FALSE 
18:25:00,0,0,0,0,0,0,0,0,100.22,100.27,99.87,99.43,96.22,100,100.26,98.21,24.83,94.94,1.020667,0.193667,959.877014,0,125,125,0,22.4,105,98.5,4,0,64.099998,4.029125,7.8,13.84,10.985,0.078,5.106435,0,TRUE,FALSE,FALSE,TRUE,TRUE,TRUE,TRUE,TRUE,TRUE,FALSE,TRUE,FALSE,TRUE,FALSE,FALSE,118.39,118.58,116.42,118.93,116.15,108.35,116.16,25.59,0.477667,0.298667,960.215332,0,140,139.899994,0,21.5,0,19.9,0.078,0, FALSE , TRUE , FALSE , TRUE , TRUE ,TRUE , TRUE , FALSE , TRUE , FALSE , TRUE , FALSE , FALSE 
18:25:30,0,0,0,0,0,0,0,0,100.195,100.27,99.875,99.425,96.35,100.005,100.425,98.225,24.825,94.97,1.032,0.1785,960.726013,0,125,125,0,22.4,105,98.5,4,0,64.0750005,3.953705,7.835,13.84,10.985,0.078,5.040004,0,TRUE,FALSE,FALSE,TRUE,TRUE,TRUE,TRUE,TRUE,TRUE,FALSE,TRUE,FALSE,TRUE,FALSE,FALSE,118.42,118.58,116.4,118.93,116.14,108.34,116.15,25.57,0.494333,0.303,960.175293,0,140,140,0,21.5,0,20,0.078,0, FALSE , TRUE , FALSE , TRUE , TRUE ,TRUE , TRUE , FALSE , TRUE , FALSE , TRUE , FALSE , FALSE 
18:26:00,0,0,0,0,0,0,0,0,100.19,100.29,99.88,99.4,96.3,100.03,100.37,98.3,24.81,94.99,1.148333,0.247333,960.301453,0,125,125,0,22.4,105,98.400002,4,0,64.050003,3.878285,7.88,13.84,10.985,0.078,5.106426,0,TRUE,FALSE,FALSE,TRUE,TRUE,TRUE,TRUE,TRUE,TRUE,FALSE,TRUE,FALSE,TRUE,FALSE,FALSE,118.39,118.53,116.42,118.93,116.15,108.35,116.17,25.59,0.487,0.299333,960.135132,0,140,140,0,21.5,0,20,0.078,0, FALSE , TRUE , FALSE , TRUE , TRUE ,TRUE , TRUE , FALSE , TRUE , FALSE , TRUE , FALSE , FALSE 
18:26:30,0,0,0,0,0,0,0,0,100.175,100.285,99.89,99.44,96.525,99.99,100.325,98.255,24.82,94.94,1.1255,0.146,960.428833,0,125,124.950001,0,22.4,105,98.400002,4.5,0,64.0250015,3.933941,7.925,13.84,10.985,4.039,5.040004,0,TRUE,FALSE,FALSE,TRUE,TRUE,TRUE,TRUE,TRUE,TRUE,FALSE,TRUE,FALSE,TRUE,FALSE,FALSE,118.39,118.58,116.42,118.92,116.15,108.32,116.16,25.59,0.500667,0.296333,960.175293,0,140,140,0,21.5,0,19.9,0.078,0, FALSE , TRUE , FALSE , TRUE , TRUE ,TRUE , TRUE , FALSE , TRUE , FALSE , TRUE , FALSE , FALSE 
18:27:00,0,0,0,0,0,0,0,0,100.19,100.28,99.86,99.43,96.53,99.96,100.33,98.23,24.81,94.93,1.073667,0.150333,960.216614,0,125,124.900002,0,22.4,105,98.400002,5,0,64,3.989597,7.97,13.84,10.985,0.078,5.106435,0,TRUE,FALSE,FALSE,TRUE,TRUE,TRUE,TRUE,TRUE,TRUE,FALSE,TRUE,FALSE,TRUE,FALSE,FALSE,118.39,118.52,116.43,118.96,116.16,108.37,116.17,25.61,0.498667,0.299667,960.215332,0,140,140,0,21.5,0,20,0.078,0, FALSE , TRUE , FALSE , TRUE , TRUE ,TRUE , TRUE , FALSE , TRUE , FALSE , TRUE , FALSE , FALSE 
18:27:30,0,0,0,0,0,0,0,0,100.235,100.27,99.875,99.435,96.53,100.005,100.33,98.155,24.825,94.89,1.055,0.2238335,959.7070925,0,125,124.900002,0,22.4,105,98.400002,5,10.283383,63.950001,3.9955665,8.005,13.84,10.985,0.078,5.204062,0,TRUE,FALSE,FALSE,TRUE,TRUE,TRUE,TRUE,TRUE,TRUE,FALSE,TRUE,FALSE,TRUE,FALSE,FALSE,118.39,118.58,116.41,118.93,116.14,108.35,116.17,25.57,0.508,0.304,960.175293,0,140,140,0,21.5,0,20,0.078,0, FALSE , TRUE , FALSE , TRUE , TRUE ,TRUE , TRUE , FALSE , TRUE , FALSE , TRUE , FALSE , FALSE 
18:28:00,0,0,0,0,0,0,0,0,100.19,100.29,99.87,99.44,96.14,99.98,100.37,98.16,24.83,94.92,1.040667,0.185333,961.320251,0,125,124.900002,0,22.4,105,98.5,5,25.813801,63.900002,4.001536,8.05,13.84,10.985,0.078,5.223616,0.857143,TRUE,FALSE,FALSE,TRUE,TRUE,TRUE,TRUE,TRUE,TRUE,FALSE,TRUE,FALSE,TRUE,FALSE,FALSE,118.39,118.57,116.41,118.93,116.15,108.34,116.16,25.58,0.502,0.299333,960.215332,0,140,140,0,21.5,0,19.9,0.078,0, FALSE , TRUE , FALSE , TRUE , TRUE ,TRUE , TRUE , FALSE , TRUE , FALSE , TRUE , FALSE , FALSE 
18:28:30,0,0,0,0,0,0,0,0,100.2,100.275,99.845,99.42,96.27,99.975,100.14,98.1,24.82,94.91,1.0813335,0.1665,960.1740725,0,125,125,0,22.4,105,98.5,5,27.264666,63.875,3.970116,8.095,13.84,10.985,0.078,5.18451,0.857143,TRUE,FALSE,FALSE,TRUE,TRUE,TRUE,TRUE,TRUE,TRUE,FALSE,TRUE,FALSE,TRUE,FALSE,FALSE,118.35,118.57,116.42,118.93,116.16,108.35,116.16,25.57,0.511,0.296333,960.175293,0,140,140,0,21.5,0,20,0.078,0, FALSE , TRUE , FALSE , TRUE , TRUE ,TRUE , TRUE , FALSE , TRUE , FALSE , TRUE , FALSE , FALSE 
18:29:00,0,0,0,0,0,0,0,0,100.2,100.29,99.88,99.4,96.27,99.96,100.4,98.18,24.84,94.91,0.958333,0.202667,961.40509,0,125,125,0,22.4,105,98.5,5,25.813801,63.849998,3.938696,8.14,13.84,10.985,0.078,5.106426,0.857143,TRUE,FALSE,FALSE,TRUE,TRUE,TRUE,TRUE,TRUE,TRUE,FALSE,TRUE,FALSE,TRUE,FALSE,FALSE,118.37,118.58,116.41,118.93,116.14,108.34,116.16,25.56,0.542333,0.295333,960.255493,0,140,140,0,21.5,0,20.1,0.07,0, FALSE , TRUE , FALSE , TRUE , TRUE ,TRUE , TRUE , FALSE , TRUE , FALSE , TRUE , FALSE , FALSE 
18:29:30,0,0,0,0,0,0,0,0,100.215,100.285,99.85,99.455,96.18,99.965,100.24,98.19,24.835,94.915,1.040667,0.183833,960.216614,0,125,124.900002,0,22.4,105,98.5,5,10.283383,63.8249985,3.976256,4.095,13.84,10.985,0.078,5.039991,0.857143,TRUE,FALSE,FALSE,TRUE,TRUE,TRUE,TRUE,TRUE,TRUE,FALSE,TRUE,FALSE,TRUE,FALSE,FALSE,118.35,118.53,116.41,118.92,116.14,108.34,116.17,25.57,0.518667,0.296333,960.215332,0,140,140,0,21.5,0,20,0.07,0, FALSE , TRUE , FALSE , TRUE , TRUE ,TRUE , TRUE , FALSE , TRUE , FALSE , TRUE , FALSE , FALSE 
18:30:00,0,0,0,0,0,0,0,0,100.22,100.3,99.87,99.45,96.46,99.99,100.31,98.13,24.83,94.87,1.055333,0.174333,961.235413,0,125,124.900002,0,22.4,105,98.5,4,0,63.799999,4.013816,8.22,13.84,10.985,0.078,4.973568,0.857143,TRUE,FALSE,FALSE,TRUE,TRUE,TRUE,TRUE,TRUE,TRUE,FALSE,TRUE,FALSE,TRUE,FALSE,FALSE,118.4,118.59,116.43,118.94,116.14,108.35,116.18,25.57,0.524,0.296667,960.255493,0,140,140,0,21.5,0,20,0.078,-0.020791, FALSE , TRUE , FALSE , TRUE , TRUE ,TRUE , TRUE , FALSE , TRUE , FALSE , TRUE , FALSE , FALSE 
18:30:30,0,0,0,0,0,0,0,0,100.175,100.29,99.865,99.43,96.565,100.005,100.21,98.235,24.83,94.905,1.1113335,0.1635,960.131653,0,125,125,0,22.4,105,98.5,4,0,63.75,4.0196685,8.26,13.84,10.985,0.078,5.040004,0.857143,TRUE,FALSE,FALSE,TRUE,TRUE,TRUE,TRUE,TRUE,TRUE,FALSE,TRUE,FALSE,TRUE,FALSE,FALSE,118.38,118.6,116.41,118.93,116.16,108.35,116.17,25.56,0.535333,0.295333,960.215332,0,140,139.899994,0,21.5,0,20,0.078,-0.147411, FALSE , TRUE , FALSE , TRUE , TRUE ,TRUE , TRUE , FALSE , TRUE , FALSE , TRUE , FALSE , FALSE 
18:31:00,0,0,0,0,0,0,0,0,100.2,100.28,99.88,99.44,96.32,100,100.32,98.19,24.84,94.96,0.939667,0.175667,960.895813,0,125,124.900002,0,22.4,105,98.5,4,-20.566766,63.700001,4.025521,8.3,13.84,10.985,0.078,5.040205,0.857143,TRUE,FALSE,FALSE,TRUE,TRUE,TRUE,TRUE,TRUE,TRUE,FALSE,TRUE,FALSE,TRUE,FALSE,FALSE,118.38,118.56,116.43,118.95,116.16,108.27,116.15,25.54,0.534333,0.300333,960.215332,0,140,140,0,21.5,0,20,0.078,0, FALSE , TRUE , FALSE , TRUE , TRUE ,TRUE , TRUE , FALSE , TRUE , FALSE , TRUE , FALSE , FALSE 
18:31:30,0,0,0,0,0,0,0,0,100.195,100.28,99.86,99.41,96.175,99.97,100.28,98.12,24.85,94.965,1.0011665,0.160667,960.683594,0,125,124.900002,0,22.4,105,98.5,4,-26.539048,63.6750015,3.9852075,8.345,13.84,10.8825,4.035,5.1482675,0.857143,TRUE,FALSE,FALSE,TRUE,TRUE,TRUE,TRUE,TRUE,TRUE,FALSE,TRUE,FALSE,TRUE,FALSE,FALSE,118.37,118.57,116.45,118.96,116.17,108.37,116.28,25.62,0.538667,0.293667,960.175293,0,140,140,0,21.5,0,20,0.078,0.147531, FALSE , TRUE , FALSE , TRUE , TRUE ,TRUE , TRUE , FALSE , TRUE , FALSE , TRUE , FALSE , FALSE 
18:32:00,0,0,0,0,0,0,0,0,100.2,100.28,99.86,99.43,96.33,100,100.16,98.1,24.85,94.9,1.119,0.109667,960.810974,0,125,125,0,22.4,105,98.5,4,-27.264666,63.650002,3.944894,8.39,13.84,10.78,8,5.137583,0.857143,TRUE,FALSE,FALSE,TRUE,TRUE,TRUE,TRUE,TRUE,TRUE,FALSE,TRUE,FALSE,TRUE,FALSE,FALSE,118.38,118.58,116.43,118.95,116.14,108.36,116.18,25.76,0.538667,0.296,960.175293,0,140,140,0,21.5,0,20,0.078,0.264785, FALSE , TRUE , FALSE , TRUE , TRUE ,TRUE , TRUE , FALSE , TRUE , FALSE , TRUE , FALSE , FALSE 
18:32:30,0,0,0,0,0,0,0,0,100.185,100.28,99.865,99.415,96.49,100.02,100.42,98.14,24.85,94.925,1.0365,0.1825,961.1080325,0,125,124.950001,0,22.4,105,98.5,4,-23.1902835,63.6000005,3.9906715,8.43,13.84,10.78,4.035,5.054442,0,TRUE,FALSE,FALSE,TRUE,TRUE,TRUE,TRUE,TRUE,TRUE,FALSE,TRUE,FALSE,TRUE,FALSE,FALSE,118.39,118.61,116.42,118.94,116.15,108.35,116.16,25.68,0.543667,0.298,960.175293,0,140,139.899994,0,21.5,0,20,0.078,0, FALSE , TRUE , FALSE , TRUE , TRUE ,TRUE , TRUE , FALSE , TRUE , FALSE , TRUE , FALSE , FALSE 
18:33:00,0,0,0,0,0,0,0,0,100.19,100.29,99.87,99.44,96,100,99.91,98.16,24.86,95.01,0.973333,0.139333,960.131775,0,125,125,0,22.5,105,98.5,4,0,63.549999,4.036449,8.476,13.84,10.78,0.07,4.942681,0,TRUE,FALSE,FALSE,TRUE,TRUE,TRUE,TRUE,TRUE,TRUE,FALSE,TRUE,FALSE,TRUE,FALSE,FALSE,118.39,118.6,116.41,118.93,116.1,108.35,116.17,25.63,0.531667,0.296333,960.175293,0,140,140,0,21.5,0,20,0.078,0, FALSE , TRUE , FALSE , TRUE , TRUE ,TRUE , TRUE , FALSE , TRUE , FALSE , TRUE , FALSE , FALSE 
18:33:30,0,0,0,0,0,0,0,0,100.155,100.28,99.865,99.44,96.535,100,100.135,98.16,24.86,94.89,0.9855,0.145,960.7684325,0,125,125,0,22.5,105,98.5,4,0,63.549999,4.0428125,8.515,13.84,10.78,0.07,4.889939,16.290508,TRUE,FALSE,FALSE,TRUE,TRUE,TRUE,TRUE,TRUE,TRUE,FALSE,TRUE,FALSE,TRUE,FALSE,FALSE,118.39,118.57,116.39,118.94,116.15,108.36,116.17,25.53,0.544667,0.297333,960.215332,0,140,139.899994,0,21.5,0,19.9,0.078,0, FALSE , TRUE , FALSE , TRUE , TRUE ,TRUE , TRUE , FALSE , TRUE , FALSE , TRUE , FALSE , FALSE 
18:34:00,0,0,0,0,0,0,0,0,100.16,100.28,99.87,99.44,96.58,100.02,100.33,98.21,24.84,94.94,0.969667,0.194333,961.15033,0,125,125,0,22.5,105,98.5,4,0,63.549999,4.049176,8.55,13.84,10.78,8,4.952979,28.199849,TRUE,FALSE,FALSE,TRUE,TRUE,TRUE,TRUE,TRUE,TRUE,FALSE,TRUE,FALSE,TRUE,FALSE,FALSE,118.36,118.58,116.42,118.94,116.15,108.36,116.09,25.39,0.555667,0.299333,960.175293,0,140,140,0,21.5,0,20,0.078,0, FALSE , TRUE , FALSE , TRUE , TRUE ,TRUE , TRUE , FALSE , TRUE , FALSE , TRUE , FALSE , FALSE 
18:34:30,0,0,0,0,0,0,0,0,100.16,100.28,99.875,99.44,96.655,100.005,99.995,98.135,24.855,94.945,0.9005,0.1906665,960.9382325,0,125,124.950001,0,22.5,105,98.5,4,0,63.5,4.0721415,8.595,13.84,10.78,0.08,5.0399885,28.1723235,TRUE,FALSE,FALSE,TRUE,TRUE,TRUE,TRUE,TRUE,TRUE,FALSE,TRUE,FALSE,TRUE,FALSE,FALSE,118.36,118.57,116.42,118.93,116.14,108.35,116.18,25.34,0.549667,0.295667,960.175293,0,140,139.899994,0,21.5,0,19.9,0.078,0, FALSE , TRUE , FALSE , TRUE , TRUE ,TRUE , TRUE , FALSE , TRUE , FALSE , TRUE , FALSE , FALSE 
18:35:00,0,0,0,0,0,0,0,0,100.15,100.28,99.88,99.45,97.5,100.2,100.05,98.29,24.92,94.94,1.073333,0.014667,961.659851,0,125,125,0,22.5,105,98.599998,4,0,63.450001,4.095107,8.64,13.84,10.78,0.08,4.973568,28.150376,TRUE,FALSE,FALSE,TRUE,TRUE,TRUE,TRUE,TRUE,TRUE,FALSE,TRUE,FALSE,TRUE,FALSE,FALSE,118.37,118.69,116.43,118.88,116.16,108.36,116.14,25.26,0.560333,0.299333,960.175293,0,140,140,0,21.5,0,20,0.08,0, FALSE , TRUE , FALSE , TRUE , TRUE ,TRUE , TRUE , FALSE , TRUE , FALSE , TRUE , FALSE , FALSE 
18:35:30,0,0,0,0,0,0,0,0,100.13,100.265,99.87,99.44,97.035,100.21,100.37,98.32,24.865,95.08,0.9865,0.191,960.428833,0,125,125,0,22.55,105,98.6499975,4,0,63.3999995,4.0800535,8.68,13.84,10.78,0.08,5.040004,25.1746445,TRUE,FALSE,FALSE,TRUE,TRUE,TRUE,TRUE,TRUE,TRUE,FALSE,TRUE,FALSE,TRUE,FALSE,FALSE,118.43,118.65,116.42,118.93,116.14,108.36,116.17,25.19,0.563333,0.294,960.215332,0,140,139.899994,0,21.5,0,20,0.08,0, FALSE , TRUE , FALSE , TRUE , TRUE ,TRUE , TRUE , FALSE , TRUE , FALSE , TRUE , FALSE , FALSE 
18:36:00,0,0,0,0,0,0,0,0,100.13,100.28,99.88,99.47,96.12,100.07,100.27,98.14,24.85,95.1,0.957333,0.203,960.046692,0,125,125,0,22.6,105,98.800003,4,0,63.349998,4.065,8.72,13.84,10.78,0.08,4.97358,9.239345,TRUE,FALSE,FALSE,TRUE,TRUE,TRUE,TRUE,TRUE,TRUE,FALSE,TRUE,FALSE,TRUE,FALSE,FALSE,118.4,118.63,116.42,118.95,116.15,108.36,116.16,25.12,0.558,0.300667,960.175293,0,140,140,0,21.6,0,20,0.08,0.066174, FALSE , TRUE , FALSE , TRUE , TRUE ,TRUE , TRUE , FALSE , TRUE , FALSE , TRUE , FALSE , FALSE 
18:36:30,0,0,0,0,0,0,0,0,100.11,100.27,99.86,99.44,96.04,100.005,100.33,98.01,24.895,95.035,0.8985,0.231,960.2590335,0,125,125,0,22.6,105,98.900002,4,0,63.3249985,4.071307,8.765,13.84,10.78,0.081,5.040004,9.2833915,TRUE,FALSE,FALSE,TRUE,TRUE,TRUE,TRUE,TRUE,TRUE,FALSE,TRUE,FALSE,TRUE,FALSE,FALSE,118.35,118.54,116.43,118.94,116.15,108.36,116.19,25.04,0.56,0.294,960.215332,0,140,140,0,21.6,0,20,0.08,0.073367, FALSE , TRUE , FALSE , TRUE , TRUE ,TRUE , TRUE , FALSE , TRUE , FALSE , TRUE , FALSE , FALSE 
18:37:00,0,0,0,0,0,0,0,0,100.15,100.28,99.88,99.45,96.15,100.07,100.37,98.01,24.85,94.97,0.992,0.131667,961.489929,0,125,125,0,22.6,105,98.900002,4,0,63.299999,4.077614,8.81,13.84,10.78,0.082,4.973568,9.296681,TRUE,FALSE,FALSE,TRUE,TRUE,TRUE,TRUE,TRUE,TRUE,FALSE,TRUE,FALSE,TRUE,FALSE,FALSE,118.37,118.57,116.42,118.94,116.15,108.35,116.19,24.97,0.571333,0.301333,960.175293,0,140,140,0,21.6,0,20,0.082,0.066196, FALSE , TRUE , FALSE , TRUE , TRUE ,TRUE , TRUE , FALSE , TRUE , FALSE , TRUE , FALSE , FALSE 
18:37:30,0,0,0,0,0,0,0,0,100.115,100.275,99.86,99.43,96.655,100.07,100.07,98.1,24.865,94.95,1.036167,0.1123335,960.768433,0,125,125,0,22.6,105,98.950001,4,0,63.2749995,4.0602685,8.845,13.84,10.78,0.082,5.0399885,1.175014,TRUE,FALSE,FALSE,TRUE,TRUE,TRUE,TRUE,TRUE,TRUE,FALSE,TRUE,FALSE,TRUE,FALSE,FALSE,118.35,118.59,116.43,118.94,116.15,108.33,116.17,24.88,0.572667,0.304667,960.175293,0,140,139.899994,0,21.6,0,20,0.082,0, FALSE , TRUE , FALSE , TRUE , TRUE ,TRUE , TRUE , FALSE , TRUE , FALSE , TRUE , FALSE , FALSE 
18:38:00,0,0,0,0,0,0,0,0,100.1,100.28,99.87,99.43,96.54,100.09,100.01,98.15,24.87,95.09,1.049,0.167,960.980652,0,125,125,0,22.6,105,99,4,0,63.25,4.042923,8.89,13.84,10.78,0.082,4.895494,-18.879581,TRUE,FALSE,FALSE,TRUE,TRUE,TRUE,TRUE,TRUE,TRUE,FALSE,TRUE,FALSE,TRUE,FALSE,FALSE,118.36,118.58,116.42,118.94,116.15,108.36,116.14,24.81,0.580667,0.299,960.175293,0,140,140,0,21.6,0,19.9,0.082,0.066174, FALSE , TRUE , FALSE , TRUE , TRUE ,TRUE , TRUE , FALSE , TRUE , FALSE , TRUE , FALSE , FALSE 
18:38:30,0,0,0,0,0,0,0,0,100.125,100.285,99.89,99.455,96.635,100.065,100.31,98.145,24.84,95.075,0.9968335,0.139,960.810852,0,125,124.950001,0,22.6,105,99.049999,4,0,63.200001,4.076852,8.935,13.84,10.78,0.082,4.856396,-18.856172,TRUE,FALSE,FALSE,TRUE,TRUE,TRUE,TRUE,TRUE,TRUE,FALSE,TRUE,FALSE,TRUE,FALSE,FALSE,118.36,118.59,116.41,118.93,116.14,108.35,116.18,24.74,0.592,0.297667,960.135132,0,140,140,0,21.6,0,20,0.083,0.073367, FALSE , TRUE , FALSE , TRUE , TRUE ,TRUE , TRUE , FALSE , TRUE , FALSE , TRUE , FALSE , FALSE 
18:39:00,0,0,0,0,0,0,0,0,100.1,100.28,99.86,99.45,96.66,100.03,100.4,98.16,24.86,95.1,0.965,0.162,960.810974,0,125,125,0,22.6,105,99.099998,4,0,63.150002,4.110781,8.97,13.84,10.78,0.082,5.061148,-18.834553,TRUE,FALSE,FALSE,TRUE,TRUE,TRUE,TRUE,TRUE,TRUE,FALSE,TRUE,FALSE,TRUE,FALSE,FALSE,118.36,118.56,116.42,118.94,116.14,108.35,116.2,24.66,0.594,0.302,960.215332,0,140,139.899994,0,21.6,0,20,0.083,0.066196, FALSE , TRUE , FALSE , TRUE , TRUE ,TRUE , TRUE , FALSE , TRUE , FALSE , TRUE , FALSE , FALSE 
